id,startingdate,endingdate,% of missing data,ANA ID,longitude,latitude,state,dist_coast,aridity_index,p_seasonality,catch_hand,dist_urban,hdisturb_index,q_elasticity,catch_area,elev_mean,catch_slope,biome
1,10/1/1980,11/30/2019,1.265291856,13880000,-64.384,-6.541,AM,1407.55,0.89,0.46,18.104,11,0,0.36,243410.279,178.97,3.14,Amazon
3,10/1/1980,10/31/2019,0,14230000,-67.595,1.074,AM,1009.7,0.56,-0.27,16.199,8,0,1.08,24018.785,151.47,2.81,Amazon
4,10/1/1980,1/31/2020,0,14250000,-67.313,0.372,AM,1095.42,0.55,-0.26,28.372,8,0,0.89,127540.913,184.31,3.71,Amazon
5,10/1/1980,1/31/2020,0.236653442,14260000,-69.126,0.477,AM,964.52,0.63,-0.27,18.239,1,0,0.55,41762.638,206.08,2.3,Amazon
6,10/1/1980,1/31/2020,0.027841581,14280001,-68.538,0.13,AM,1040.41,0.63,-0.26,18.085,2,0,0.26,45937.399,197.9,2.29,Amazon
7,10/1/1980,1/31/2020,1.273752349,14300000,-69.786,0.248,AM,909.13,0.6,-0.22,14.783,3,0,1.31,2046.773,160.94,1.96,Amazon
8,10/1/1980,6/30/2021,0.302358395,14330000,-66.797,-0.192,AM,1139.56,0.57,-0.24,24.335,9,0,1.11,200204.618,178.05,3.2,Amazon
9,10/1/1980,6/30/2021,0.322515622,14420000,-64.829,-0.491,AM,1026.96,0.58,-0.2,27.726,1,0,0.79,290450.675,158.68,3.26,Amazon
10,10/1/1980,8/31/2021,1.224489796,14495000,-61.037,3.446,RR,417.68,0.95,-0.52,84.459,1,0,1.05,36522.162,483.47,11.11,Amazon
11,10/1/1980,7/31/2021,2.065173662,14515000,-60.569,3.209,RR,409.61,0.98,-0.57,74.776,1,0,-0.5,49871.585,409.64,9.62,Amazon
12,10/1/1980,10/31/2020,1.297725565,14550000,-60.529,4.168,RR,319.73,1.3,-0.86,155.995,5,0,0.3,5872.775,764.63,14.92,Amazon
13,10/1/1980,8/31/2021,1.017062563,14680001,-61.441,2.876,RR,495.35,0.97,-0.54,62.193,1,0,0.44,12603.963,386.35,10.25,Amazon
14,10/1/1980,8/31/2021,0.823017732,14710000,-61.122,1.82,RR,574.54,1.05,-0.68,62.219,1,0,0.84,116641.608,321.99,7.87,Amazon
16,10/1/1980,7/31/2021,6.658173528,15050000,-59.354,-15.215,MT,1222.1,1.34,0.86,64.291,2,0.01,0.69,2993.203,472.03,5.17,Amazon
17,10/1/1980,9/30/2020,0.06844627,15120001,-59.96,-15.007,MT,1168.84,1.49,0.82,36.514,57,0.01,0.47,22580.804,302.51,3.46,Amazon
18,10/1/1980,8/31/2021,1.057209769,15250000,-65.349,-10.793,RO,995.24,1.12,0.77,69.952,1,0.01,-0.19,617280.606,532.59,6.27,Amazon
20,10/1/1980,7/31/2021,5.793214429,15430000,-63.068,-9.926,RO,1237.37,0.88,0.24,40.126,93,0.01,1.18,8209.836,223.88,7.47,Amazon
23,10/1/1980,5/31/2021,1.548508719,15550000,-63.711,-8.801,RO,1282.34,0.82,0.1,24.048,13,0,0.96,12709.956,144.85,3.95,Amazon
24,10/1/1980,8/31/2021,3.967882235,15558000,-61.193,-11.686,RO,1240.97,1.01,0.73,43.221,1,0.01,0.82,10165.556,321.27,4.41,Amazon
25,10/1/1980,8/31/2021,4.262295082,15560000,-61.936,-10.873,RO,1241.38,0.98,0.61,35.9,5,0.01,1.27,33249.156,282.17,4.03,Amazon
26,10/1/1980,1/31/2021,5.830448653,15580000,-62.055,-8.932,RO,1316.47,0.93,0.42,32.806,1,0.01,1.11,60884.621,235.69,4.41,Amazon
27,10/1/1980,7/31/2021,1.206919673,15630000,-63.016,-7.478,AM,1316.36,0.97,0.71,96.955,1,0.01,1.34,1109083.099,585.72,8.35,Amazon
28,10/1/1980,1/31/2020,0.772603884,15700000,-61.303,-5.794,AM,1061.74,0.95,0.7,92.774,1,0.01,0.82,1167531.718,560.03,8.01,Amazon
29,10/1/1980,9/30/2020,2.286105407,15750000,-59.465,-10.17,MT,1207.95,0.99,0.44,41.571,1,0,0.43,15348.367,331.22,5.38,Amazon
30,10/1/1980,10/31/2019,0.301225919,15800000,-60.592,-7.706,AM,1105.46,0.86,-0.1,31.92,1,0,0.39,70401.382,194.63,5.37,Amazon
31,10/1/1980,10/31/2019,0.609457093,15830000,-60.647,-7.208,AM,1077.87,0.87,0.01,33.16,1,0,1.43,131394.557,206.41,5.29,Amazon
32,10/1/1980,10/31/2019,0.413309982,15910000,-59.056,-6.787,AM,908.86,0.8,-0.5,37.71,24,0,2.09,12725.15,163.33,5.81,Amazon
34,10/1/1980,6/30/2021,0,17050001,-55.513,-1.921,PA,313.9,0.76,0.22,83.224,7,0,0.58,4807563.691,474.84,7.33,Amazon
35,10/1/1980,6/30/2021,0.006719075,17090000,-54.873,-1.502,PA,240.72,0.96,-0.66,47.908,1,0,4.55,19818.713,349.52,9.62,Amazon
36,10/1/1980,11/30/2020,3.114988753,17093000,-58.338,-11.358,MT,1246.23,1.04,0.8,43.955,22,0.06,-0.17,55972.189,478.25,2.88,Amazon
37,10/1/1980,4/30/2020,0.587950474,17120000,-57.425,-11.536,MT,1216.52,1.08,0.78,34.597,13,0.09,0.57,37021.359,371.69,2.66,Amazon
38,10/1/1980,4/30/2020,2.939752369,17200000,-55.335,-13.557,MT,1353.8,1.17,0.83,39.882,1,0.05,-0.13,10867.859,473.29,4.19,Cerrado
40,10/1/1980,9/30/2019,4.851165403,17340000,-55.569,-10.113,MT,993.31,1.07,0.64,29.927,1,0.14,-1.37,52321.178,387.23,2.84,Amazon
41,10/1/1980,9/30/2019,3.812131424,17345000,-54.905,-9.359,PA,891.9,0.88,-0.4,42.999,7,0,0.61,565.414,537.3,3.65,Amazon
42,10/1/1980,9/30/2019,0.554619489,17350000,-54.887,-9.817,MT,940.2,0.88,-0.28,57.917,67,0.01,0.15,1011.852,441.8,6.65,Amazon
43,10/1/1980,12/31/2020,7.225862822,17730000,-55.953,-4.276,PA,466.58,0.96,0.17,36.861,5,0.04,1.15,459185.365,313.11,4.64,Amazon
44,10/1/1980,6/30/2021,0.006719075,18200000,-54.397,-1.782,PA,188.79,1.07,-0.74,57.803,3,0,3.11,12403.055,342.38,11.74,Amazon
45,10/1/1980,8/31/2021,5.326196052,18250000,-53.559,-3.677,PA,248.42,1.12,-0.64,39.997,1,0,1.35,2906.53,201.57,7.37,Amazon
47,10/1/1980,7/31/2021,9.340217246,18420000,-54.447,-13.141,MT,1272.07,1.15,0.73,41.613,13,0.04,-0.14,3841.917,463.82,3.61,Amazon
48,10/1/1980,2/29/2020,4.237288136,18460000,-51.985,-6.74,PA,517.85,1.09,0.03,34.132,6,0.04,0.23,210502.944,344.4,3.52,Amazon
49,10/1/1980,9/30/2020,6.926762491,18650000,-54.523,-5.65,PA,491.15,0.9,-0.6,32.619,1,0,2.03,35596.629,286.93,5.75,Amazon
55,10/1/1980,4/30/2021,2.523276211,21500000,-46.837,-13.763,GO,831.45,1.51,0.82,77.082,1,0.05,-0.14,22768.353,650.68,6.63,Cerrado
59,10/1/1980,3/31/2021,2.393185506,22900000,-47.932,-9.309,TO,754.85,1.34,-0.46,49.848,1,0.01,-0.22,44276.743,404.65,5.5,Cerrado
60,10/1/1980,9/30/2020,0.102669405,23100000,-48.11,-8.39,TO,656.72,1.35,0.12,67.145,1,0.07,-0.33,243388.848,504.88,6.84,Cerrado
61,10/1/1980,6/30/2020,1.577352252,23250000,-47.312,-7.708,TO,565.59,1.39,-0.81,45.13,1,0.04,0.02,10104.609,334.17,6.68,Cerrado
66,10/1/1980,7/31/2020,2.068870713,24200000,-52.548,-16.201,GO,1068.02,1.25,0.89,70.11,7,0.05,0.09,18362.283,637.27,6.72,Cerrado
67,10/1/1980,2/28/2021,7.628209471,24500000,-53.549,-16.078,MT,1141.68,1.22,0.9,71.023,12,0.06,-0.11,4798.565,605.39,8.01,Cerrado
68,10/1/1980,8/31/2020,0,24700000,-52.228,-15.891,GO,1076.78,1.26,0.87,69.922,32,0.04,-0.18,36790.519,573.11,7.03,Cerrado
70,10/1/1980,4/30/2021,0,24780000,-51.817,-16.43,GO,1002.76,1.25,0.84,76.075,1,0.07,1.7,1346.458,648.64,7.29,Cerrado
71,10/1/1980,8/31/2020,0.466392318,24800000,-51.852,-15.89,GO,1055.2,1.26,0.83,74.929,1,0.05,1.3,11943.006,575.24,7.73,Cerrado
72,10/1/1980,4/30/2021,0,24850000,-51.829,-15.737,MT,1068.38,1.26,0.86,70.289,73,0.04,0.83,50013.592,567.8,7.12,Cerrado
74,10/1/1980,4/30/2021,0.047227095,24950000,-51.357,-15.935,GO,1023.94,1.31,0.67,74.032,26,0.03,0.89,9032.45,556.24,7.46,Cerrado
75,10/1/1980,6/30/2021,0.107505207,25130000,-50.706,-15.537,GO,1031.22,1.24,0.31,64.784,1,0.02,-0.21,5281.584,456.18,7.48,Cerrado
76,10/1/1980,4/30/2021,0.411550398,25200000,-51.084,-14.915,MT,1110.86,1.27,0.8,63.276,26,0.04,0.21,76550.33,519.38,6.43,Cerrado
77,10/1/1980,6/30/2021,1.290062487,25700000,-50.803,-13.69,GO,1223.6,1.27,0.75,56.957,1,0.04,1.03,92227.583,482.4,5.83,Cerrado
80,10/1/1980,4/30/2021,0.418297126,26100000,-52.355,-14.672,MT,1198.61,1.23,0.84,48.059,2,0.13,-0.47,25289.931,564.07,3.81,Cerrado
81,10/1/1980,5/31/2020,0.207067918,26300000,-50.963,-12.293,MT,1075.2,1.28,0.65,34.209,1,0.07,-0.63,58892.874,413.14,2.96,Cerrado
82,10/1/1980,5/31/2020,0.29679735,26350000,-50.66,-11.618,MT,997.03,1.28,0.57,26.889,1,0.06,-0.3,77006.845,369.29,2.34,Cerrado
85,10/1/1980,1/31/2021,9.502477432,28300000,-48.55,-6.401,PA,430.76,1.23,0.07,33.497,26,0.04,0.28,370831.069,324,3.51,Amazon
86,10/1/1980,7/31/2020,0.336792907,28850000,-48.143,-5.648,PA,368.23,1.23,0.03,33.785,1,0.04,0.7,381864.909,320.52,3.55,Amazon
87,10/1/1980,6/30/2021,0.208291339,29050000,-49.136,-5.327,PA,299.61,1.28,-0.07,45.663,1,0.06,0.51,698602.848,376.55,4.79,Amazon
90,10/1/1980,7/31/2021,1.213624782,30300000,-52.016,0.901,AP,132.88,0.8,-0.81,29.06,12,0,0.77,10769.273,181.66,8.3,Amazon
92,10/1/1980,6/30/2021,0.026876302,31700000,-47.764,-2.509,PA,119.67,1.08,-0.88,39.699,6,0.01,1.82,32582.499,137.15,4.66,Amazon
93,10/1/1980,6/30/2021,6.107639589,32450002,-46.593,-1.735,PA,71.72,0.96,-0.75,17.634,5,0,1.26,2731.405,66.16,3.11,Amazon
95,10/1/1980,6/30/2021,2.445743466,32740000,-45.948,-2.056,MA,75.57,1.08,-0.77,14.113,20,0,2.1,2579.07,62.27,2.35,Amazon
96,10/1/1980,6/30/2021,0.389706376,32830000,-45.667,-2.945,MA,102.13,1.13,-0.76,17.393,112,0,2.01,3909.055,64.27,3.42,Amazon
97,10/1/1980,8/31/2021,4.610237538,33025000,-46.934,-4.692,MA,283.79,1.51,-0.81,48.219,1,0.02,2.8,5528.183,262.11,6.36,Amazon
98,10/1/1980,3/31/2021,2.197133586,33170000,-45.778,-4.033,MA,136.45,1.5,-0.71,65.658,3,0.01,3.27,5997.483,224.48,10.87,Amazon
99,10/1/1980,7/31/2021,0.006705109,33190000,-45.465,-3.66,MA,84.54,1.41,-0.75,51.882,1,0.01,1.51,35721.632,193.07,8.25,Amazon
100,10/1/1980,8/31/2021,0,33205000,-45.982,-5.767,MA,305.64,1.96,-0.81,50.575,1,0.01,1.55,3768.735,336.4,5.68,Cerrado
101,10/1/1980,8/31/2021,0.274339244,33250000,-45.245,-5.501,MA,251.34,1.92,-0.74,44.801,13,0.01,1.25,13293.224,270.27,5.1,Cerrado
102,10/1/1980,8/31/2021,0,33260000,-44.963,-5.102,MA,202.41,1.89,-0.72,44.554,16,0.01,0.88,15620.778,255.97,5.33,Cerrado
105,10/1/1980,7/31/2021,0,33290000,-44.765,-4.221,MA,102.54,1.75,-0.73,40.422,12,0.02,1.38,25757.408,208.65,5.58,Amazon
106,10/1/1980,8/31/2021,1.291401807,33321000,-46.145,-5.818,MA,318.83,1.87,-0.86,45.743,1,0.01,3.12,4542.636,305.33,4.51,Cerrado
107,10/1/1980,7/31/2021,4.002950248,33330000,-46.239,-5.613,MA,304.13,1.76,-0.77,39.224,6,0.02,1.76,3597.482,241.65,5.46,Cerrado
108,10/1/1980,8/31/2021,2.790230846,33380000,-45.218,-3.775,MA,70.87,1.63,-0.76,44.109,1,0.02,0.98,20486.395,207.53,7.31,Amazon
109,10/1/1980,8/31/2021,0.207427233,33420000,-44.361,-6.371,MA,346.44,1.87,-0.69,79.378,1,0.03,0.01,6145.207,390.39,6.99,Cerrado
110,10/1/1980,8/31/2021,0.615590498,33450000,-44.709,-6.066,MA,309.29,1.88,-0.75,64.537,1,0,0.04,5820.209,378.09,7,Cerrado
111,10/1/1980,7/31/2021,0.033525546,33460000,-44.343,-6.013,MA,306.99,1.83,-0.74,62.429,1,0,-0.16,6965.141,355.96,6.79,Cerrado
112,10/1/1980,8/31/2021,0,33480000,-44.248,-6.021,MA,309.69,1.82,-0.71,70.862,1,0.01,-0.14,15184.236,363.21,7.16,Cerrado
113,10/1/1980,8/31/2021,0.776179324,33520000,-43.586,-5.706,MA,299.28,1.78,-0.7,56.142,2,0.02,0.18,5406.122,279.57,7.29,Cerrado
114,10/1/1980,8/31/2021,0.180662429,33530000,-43.884,-5.337,MA,247.8,1.79,-0.7,60.466,1,0.02,0.81,27688.83,305.54,6.68,Cerrado
115,10/1/1980,8/31/2021,1.244563399,33550000,-43.367,-4.865,MA,233.71,1.76,-0.7,55.939,1,0.02,0.33,33147.927,279.81,6.26,Cerrado
116,10/1/1980,8/31/2021,0.856473737,33590000,-43.875,-4.459,MA,162.58,1.73,-0.71,51.8,2,0.01,2.52,37733.766,257.9,5.91,Cerrado
117,10/1/1980,8/31/2021,4.322515892,33620000,-43.934,-4.466,MA,159.33,1.53,-0.72,25.783,1,0,2.28,5577.694,120.44,4.54,Cerrado
118,10/1/1980,8/31/2021,1.278019404,33630000,-44.13,-4.125,MA,115.6,1.69,-0.71,47.867,16,0.01,1.78,44424.219,235.94,5.72,Cerrado
119,10/1/1980,6/30/2021,1.92165558,33680000,-44.374,-3.623,MA,55.86,1.64,-0.72,44.6,19,0.01,3.19,50635.576,215.02,5.5,Cerrado
122,10/1/1980,8/31/2021,0.368016059,33780000,-43.902,-3.462,MA,74.37,1.4,-0.77,22.303,19,0.01,0.88,12824.698,80.65,3.99,Cerrado
123,10/1/1980,8/31/2021,0,34020000,-45.926,-9.113,MA,662,1.86,-0.07,71.457,1,0.01,0.66,12999.89,472.22,5.72,Cerrado
124,10/1/1980,8/31/2021,0,34060000,-45.256,-7.565,PI,479.94,1.77,-0.33,72.086,48,0.04,0.45,31642.414,446.27,6.33,Cerrado
125,10/1/1980,7/31/2021,0,34090000,-44.614,-7.391,PI,458.02,2.2,-0.42,92.498,1,0.06,0.58,15788.765,475.28,4.65,Cerrado
126,10/1/1980,7/31/2021,0,34130000,-46.036,-7.536,MA,493.18,1.54,-0.65,59.306,1,0.07,0.39,9129.294,456.94,6.07,Cerrado
127,10/1/1980,8/31/2021,0,34170000,-44.814,-7.081,MA,422.92,1.71,-0.7,51.724,1,0.05,0.62,24961.207,382.2,5.39,Cerrado
128,10/1/1980,8/31/2021,4.677149548,34251000,-44.211,-8.792,PI,618.05,2.5,0.02,64.304,1,0.03,3.31,31382.165,473.9,5.57,Cerrado
129,10/1/1980,8/31/2021,1.973904316,34270000,-43.649,-7.247,PI,459.09,2.52,-0.15,69.089,43,0.02,0.81,47678.508,449.1,5.57,Cerrado
130,10/1/1980,8/31/2021,0,34770000,-42.214,-5.666,PI,318.56,2.78,-0.56,64.517,1,0.03,2.16,44450.871,391.14,4.85,Caatinga
131,10/1/1980,7/31/2021,0.47606276,34940000,-42.228,-3.904,PI,95.33,3.09,-0.26,60.565,1,0.19,4.06,11524.059,149.23,1.98,Caatinga
132,10/1/1980,8/31/2021,0.394780863,34980000,-41.976,-3.724,PI,249.66,2.82,0.22,72.743,10,0.18,1.14,22323.568,199.77,3.01,Caatinga
133,10/1/1980,8/31/2021,1.257945801,35260000,-40.382,-3.911,CE,219.28,2.8,0.11,64.272,1,0.12,0.83,2886.341,304.63,7.1,Caatinga
134,10/1/1980,8/31/2021,8.297089328,36045000,-39.962,-6.646,CE,14.73,3.35,0.1,51.429,3,0.09,0.31,3564.738,575.59,5.6,Caatinga
135,10/1/1980,8/31/2021,2.763466042,36160000,-39.292,-6.373,CE,46.48,3.31,-0.08,88.731,2,0.07,2.33,21295.287,503.21,6.44,Caatinga
136,10/1/1980,8/31/2021,0.006691201,36250000,-38.985,-7.301,CE,51.56,2.4,-0.27,90.696,1,0.07,1.05,4401.255,617,5.03,Caatinga
137,10/1/1980,8/31/2021,0.414854466,36290000,-38.868,-6.407,CE,15.18,1.76,-0.38,88.486,1,0.06,1.46,12803.77,462.2,6.29,Caatinga
138,10/1/1980,8/31/2021,0.990297758,36390000,-38.191,-5.223,CE,22.91,2.13,-0.45,60.6,2,0.06,2.9,49907.977,407.08,6.16,Caatinga
139,10/1/1980,8/31/2021,0.68919371,36580000,-38.447,-5.122,CE,418.6,1.27,1,61.125,4,0.05,-0.36,17817.079,326.41,6.74,Caatinga
140,10/1/1980,6/30/2021,0.745817376,37380000,-37.924,-6.963,PB,436.71,1.37,0.99,94.041,4,0.04,-0.29,8906.378,456.34,8.83,Caatinga
141,10/1/1980,6/30/2021,0.201572264,37410000,-37.797,-6.726,PB,459.8,1.42,0.99,109.29,1,0.04,1.69,15792.245,402.76,7.78,Caatinga
142,10/1/1980,6/30/2021,1.384129544,37470000,-37.355,-6.377,RN,538.21,1.52,1,111.621,1,0.04,1.67,22484.584,373.37,7.57,Caatinga
143,10/1/1980,8/31/2020,3.90260631,37515000,-36.783,-6.594,RN,603.76,1.49,1,81.234,1,0.07,0.75,1944.735,499.04,7.07,Caatinga
144,10/1/1980,7/31/2021,0.804613115,38170000,-35.418,-5.621,RN,669.45,1.41,0.98,59.377,1,0.06,1.43,2553.358,171.87,4.34,Caatinga
145,10/1/1980,7/31/2021,4.639935631,38485000,-35.315,-6.063,RN,681.37,1.48,0.98,57.816,1,0.08,1.8,2675.417,274.85,5.94,Atlanticforest
146,10/1/1980,6/30/2021,2.922797823,38650000,-35.529,-6.605,PB,626.71,1.52,0.98,57.113,1,0.07,1.1,2270.968,482.23,6.73,Caatinga
147,10/1/1980,6/30/2021,1.397567695,38830000,-36.505,-7.721,PB,613.4,1.52,1,73.385,1,0.07,0.64,5254.293,608.09,5.18,Caatinga
148,10/1/1980,1/31/2021,3.678816263,38850000,-36.434,-7.397,PB,736.89,1.5,0.96,88.819,1,0.06,2.23,3323.3,564.57,4.25,Caatinga
149,10/1/1980,7/31/2021,0.415716776,38860000,-35.999,-7.527,PB,689.68,1.56,0.97,78.891,1,0.07,1.31,14344.019,556.47,4.44,Caatinga
150,10/1/1980,7/31/2021,3.312323991,38895000,-35.048,-7.129,PB,651.93,1.61,0.97,72.875,1,0.06,1.54,19942.691,478.17,5.59,Atlanticforest
151,10/1/1980,6/30/2021,3.426728482,39084010,-35.233,-7.754,PE,614.99,1.54,1,72.071,1,0.07,1.01,727.614,274.26,10.55,Atlanticforest
153,10/1/1980,7/31/2021,0.556524071,39360000,-35.366,-8.28,PE,618.73,1.98,0.98,46.8,1,0.01,0.78,3100.462,685.7,9.01,Atlanticforest
154,10/1/1980,4/30/2021,3.676966671,39540000,-35.916,-8.497,PE,579.68,1.56,1,70.84,1,0.07,0.8,2731.712,632.07,5.84,Atlanticforest
155,10/1/1980,7/31/2021,0.201153279,39560000,-35.577,-8.682,PE,523.86,1.59,1,69.947,1,0.07,0.73,5148.463,553.47,9.67,Atlanticforest
156,10/1/1980,7/31/2021,0.784497787,39770000,-35.86,-9.467,AL,500.39,2.27,1,61.572,1,0.06,1.92,3723.269,509.49,11.59,Atlanticforest
157,10/1/1980,2/28/2021,5.351940925,39980000,-36.304,-10.031,AL,571.75,1.85,0.97,53.733,1,0.02,0.32,1510.487,241.38,6.54,Caatinga
159,10/1/1980,1/31/2021,1.859770583,40100000,-45.279,-19.28,MG,543.84,1.94,0.97,52.506,1,0.02,0.43,14005.173,786.42,9.27,Cerrado
160,10/1/1980,1/31/2021,0.183262065,41650002,-44.194,-18.672,MG,467.1,1.76,1,66.805,1,0.07,0.66,10797.21,835.41,11.7,Cerrado
161,10/1/1980,4/30/2021,0,41818000,-44.226,-18.31,MG,547.92,1.98,0.9,41.15,1,0.07,0.54,16873.967,864.4,11.65,Cerrado
162,10/1/1980,3/31/2021,0.060843699,41990000,-44.712,-17.595,MG,457.36,1.79,0.99,63.582,1,0.07,0.13,26858.816,843.75,10.44,Cerrado
163,10/1/1980,4/30/2021,0.40480367,42210000,-45.078,-16.657,MG,493.06,1.87,0.99,65.825,6,0.06,0.55,107832.33,795.38,8.98,Cerrado
164,10/1/1980,4/30/2021,1.430306301,42395000,-46.431,-17.255,MG,660.34,1.98,0.7,36.163,1,0.11,-0.01,12964.591,696.66,7,Cerrado
165,10/1/1980,10/31/2020,0.027320538,42690001,-46.018,-17.03,MG,652.73,1.93,0.65,42.453,1,0.13,0.47,30368.722,701.06,5.9,Cerrado
166,10/1/1980,12/31/2020,6.944633383,42980000,-45.383,-16.908,MG,617.72,1.95,0.64,43.034,2,0.12,0.48,41681.613,697.81,5.74,Cerrado
167,10/1/1980,3/31/2021,0.236614386,43200000,-45.067,-16.376,MG,583.38,2,0.64,42.627,1,0.11,0.28,155204.387,762.3,7.92,Cerrado
168,10/1/1980,3/31/2021,0.087885343,43429998,-46.119,-15.918,MG,641.63,2.09,0.36,60.322,3,0.1,0.02,11809.544,783.68,6.86,Cerrado
169,10/1/1980,12/31/2020,0,43670000,-45.742,-16.153,MG,572.91,2.13,0.38,56.594,1,0.09,0.23,18730.491,757.53,6.01,Cerrado
170,10/1/1980,7/31/2020,0.515499347,43880000,-45.416,-16.283,MG,556.81,2.09,0.55,44.441,4,0.09,0.35,24014.674,737.14,5.62,Cerrado
171,10/1/1980,7/31/2020,0,44200000,-44.899,-15.967,MG,399.36,2.12,0.97,61.33,1,0.09,0.32,185349.648,752.39,7.45,Cerrado
172,10/1/1980,3/31/2021,0,44250000,-44.768,-15.483,MG,377.32,2.16,0.97,60.265,4,0.09,0.33,3275.358,689.11,3.71,Cerrado
173,10/1/1980,2/28/2021,0.155816002,44290002,-44.407,-15.602,MG,349.52,2.2,0.96,59.664,1,0.09,0.15,195540.703,746,7.28,Caatinga
174,10/1/1980,12/31/2020,0.421711332,44500000,-43.931,-14.757,MG,161.51,2.29,0.96,58.947,1,0.1,0.28,204233.385,740.18,7.15,Caatinga
176,10/1/1980,3/31/2021,3.07598702,44670000,-43.675,-15.343,MG,129.57,2.3,0.96,58.899,1,0.1,0.02,12385.106,659.75,5.89,Caatinga
177,10/1/1980,11/30/2020,0.006816168,45210000,-44.411,-14.28,BA,79.53,2.31,0.96,59.138,1,0.1,0.33,12700.723,737.43,3.64,Cerrado
178,10/1/1980,12/31/2020,0,45260000,-44.153,-14.261,MG,47.77,2.31,0.96,59.143,1,0.1,0.53,16454.915,722.95,3.61,Cerrado
180,10/1/1980,2/29/2020,0,45480000,-43.434,-13.259,BA,11.73,3.34,0.14,57,5,0.07,4.48,273868.465,710.91,6.5,Cerrado
181,10/1/1980,8/31/2021,1.164268986,45910001,-44.199,-13.401,BA,8.74,2.39,-0.17,49.225,1,0.06,0.46,29961.911,764.53,2.48,Cerrado
184,10/1/1980,8/31/2021,0.441619271,46105000,-43.226,-12.693,BA,117.77,3.48,0.39,56.075,4,0.07,2.68,312083.917,711.27,6.03,Cerrado
186,10/1/1980,8/31/2021,0,46360000,-43.284,-11.558,BA,29.23,3.37,0.3,56.136,1,0.06,1.03,349631.517,705.78,6.18,Cerrado
187,10/1/1980,8/31/2021,0.421545667,46550000,-45.01,-12.152,BA,8.7,2.29,-0.05,47.699,1,0.05,1.37,18998.34,769.87,1.83,Cerrado
188,10/1/1980,8/31/2021,1.913683506,46610000,-44.886,-11.975,BA,253.14,2.39,0.75,135.558,1,0.14,3.67,33241.595,758.79,2.07,Cerrado
189,10/1/1980,8/31/2021,0.836400134,46650000,-44.502,-11.723,BA,262.84,2.72,0.84,110.293,2,0.02,1.29,36210.657,740.35,2.26,Cerrado
190,10/1/1980,8/31/2021,0.194044831,46675000,-44.155,-11.613,BA,249.44,2.64,0.57,74.305,1,0.03,-0.06,39891.275,718.38,2.35,Cerrado
192,10/1/1980,12/31/2019,0.046937339,46830000,-44.536,-11.018,BA,256.41,2.66,0.74,104.586,1,0.02,4.2,18538.716,695.77,3.08,Cerrado
193,10/1/1980,6/30/2021,0.288920245,46870000,-43.948,-11.238,BA,223.34,2.58,0.71,145.384,1,0.01,0.64,22370.215,667.5,3.05,Cerrado
194,10/1/1980,8/31/2021,0.615590498,46902000,-43.83,-11.351,BA,210.93,2.59,0.74,110.917,1,0.05,1.08,69995.995,672.83,2.46,Cerrado
195,10/1/1980,8/31/2021,0.207427233,48020000,-40.504,-9.404,PE,140.15,2.72,0.74,104.695,1,0.05,0.58,523377.711,676.78,5.21,Caatinga
196,10/1/1980,3/31/2021,0.39210384,48290000,-39.824,-8.811,PE,103.54,2.83,0.7,92.216,1,0.05,0.8,542655.575,668.82,5.12,Caatinga
197,10/1/1980,7/31/2021,0.201153279,48590000,-39.245,-8.627,PE,15.7,1.7,0.02,31.383,1,0.04,0.43,569685.103,660.89,5.07,Caatinga
198,10/1/1980,6/30/2021,0.201572264,49330000,-37.756,-9.628,AL,3.02,1.41,0.05,48.488,1,0.01,0.98,620598.19,645.09,5.02,Caatinga
199,10/1/1980,6/30/2021,0.201572264,49370000,-37.446,-9.752,AL,391.53,1.72,0.98,144.16,1,0.01,1.43,625581.524,642.2,5.02,Caatinga
200,10/1/1980,6/30/2021,0.201572264,49660000,-36.983,-9.98,AL,394.04,2.09,0.99,91.918,1,0.01,0.89,640513.114,635.77,5.06,Caatinga
201,10/1/1980,7/31/2021,0.201153279,49705000,-36.824,-10.21,AL,349.02,1.89,0.99,131.657,1,0.24,1.78,641844.73,634.68,5.07,Atlanticforest
202,10/1/1980,8/31/2021,0.762796922,50191000,-37.347,-10.947,SE,374.43,2.28,0.99,83.629,1,0.01,1.82,16432.327,398.52,4.91,Atlanticforest
203,10/1/1980,8/31/2021,2.509200401,50250000,-37.976,-11.194,BA,336.19,2.02,0.99,125.895,1,0.23,0.12,3055.104,299.95,5.38,Caatinga
204,10/1/1980,8/31/2021,2.415523586,50290000,-37.568,-11.54,SE,361.86,1.58,0.97,117.51,1,0.02,-0.4,4661.178,246.99,5.09,Atlanticforest
206,10/1/1980,8/31/2021,2.074272332,50465000,-39.633,-10.973,BA,353.42,1.7,0.97,116.659,1,0.04,-0.07,12118.679,509.73,7.28,Caatinga
207,10/1/1980,8/31/2021,6.416861827,50520000,-38.836,-11.064,BA,326.1,1.83,0.97,118.732,1,0.04,0.12,26845.952,434.89,5.93,Caatinga
208,10/1/1980,8/31/2021,1.793241887,50540000,-38.513,-11.098,BA,249.87,2.32,0.96,129.568,4,0.01,0.28,28839.907,423.62,5.81,Caatinga
209,10/1/1980,8/31/2021,3.726998996,50595000,-37.804,-11.733,BA,183.68,2.37,0.88,137.697,1,0.02,-0.29,36270.776,392.9,5.61,Atlanticforest
211,10/1/1980,8/31/2021,2.087654734,50660000,-37.754,-12.053,BA,138.06,2.09,0.98,132.231,1,0.12,0.14,4535.43,240.9,4.89,Atlanticforest
215,10/1/1980,8/31/2021,0.361324858,51120000,-41.322,-12.841,BA,38.17,1.68,0.51,120.587,3,0.03,0.14,2406.542,1139.93,10.12,Caatinga
216,10/1/1980,8/31/2021,1.68618267,51140000,-41.329,-12.491,BA,81.84,1.73,0.53,120.248,1,0.04,0.48,6307.69,961.22,8.38,Caatinga
217,10/1/1980,8/31/2021,2.295081967,51170000,-41.206,-12.5,BA,43.37,1.7,0.47,89.475,1,0.05,0.62,2796.178,713.04,6.36,Caatinga
218,10/1/1980,8/31/2021,3.867514219,51190000,-41.328,-12.756,BA,104.62,1.8,0.63,81.086,1,0.04,0.7,9913.443,864.89,8.22,Caatinga
219,10/1/1980,8/31/2021,0.388089662,51230000,-41.064,-12.936,BA,28.38,1.71,0.52,23.269,1,0.05,-0.1,2179.087,670.49,9.85,Caatinga
220,10/1/1980,8/31/2021,0.100368016,51240000,-40.959,-12.986,BA,208.86,1.66,0.9,102.857,1,0.02,0.21,16884.335,829.2,8.52,Caatinga
221,10/1/1980,8/31/2021,0.013382402,51280000,-40.214,-12.762,BA,189.86,1.77,0.86,114.323,1,0.02,0.69,23334.569,722.66,9.23,Caatinga
222,10/1/1980,6/30/2021,0.705502923,51330000,-39.848,-12.516,BA,166.39,1.63,0.87,105.18,1,0.03,0.05,32806.543,651.78,8.94,Caatinga
224,10/1/1980,5/31/2021,1.3869252,51440000,-39.387,-11.806,BA,132.66,1.73,0.85,99.858,1,0.03,0.5,7320.832,541.24,5.51,Caatinga
225,10/1/1980,8/31/2021,0.207427233,51560000,-39.031,-13.034,BA,147.23,1.9,0.71,90.729,1,0.02,1.03,1391.459,193,8.76,Atlanticforest
226,10/1/1980,8/31/2021,3.004349281,51795000,-39.08,-13.365,BA,89.55,1.75,0.8,89.89,1,0.03,0.38,1148.836,225.13,12.27,Atlanticforest
227,10/1/1980,3/31/2021,0,54010005,-43.207,-17.314,MG,63.51,1.7,0.85,72.831,1,0.02,0.7,7829.438,929.3,12.71,Cerrado
228,10/1/1980,4/30/2021,1.565240858,54110002,-42.918,-16.593,MG,123.5,1.9,0.87,140.837,1,0.03,0.54,4120.832,925.54,10.15,Cerrado
229,10/1/1980,4/30/2021,0,54150000,-42.486,-16.679,MG,70.71,1.78,0.87,110.126,1,0.03,0.94,16318.867,881.48,12.67,Cerrado
230,10/1/1980,1/31/2021,0.766985678,54165000,-42.583,-16.193,MG,223.6,1.2,0.97,91.442,1,0.01,0.07,2334.016,844.29,9.29,Cerrado
231,10/1/1980,3/31/2021,0,54195000,-42.31,-16.618,MG,205.12,1.17,0.96,66.45,1,0.01,-0.07,23829.772,836.38,12.28,Cerrado
232,10/1/1980,3/31/2021,0.006760411,54230000,-42.995,-17.579,MG,197.25,1.19,0.96,90.516,12,0.01,-0.03,2882.947,875.92,13.52,Cerrado
233,10/1/1980,3/31/2021,3.069226609,54260000,-42.818,-17.278,MG,224.35,1.21,0.97,79.926,1,0.01,0.31,6870.534,861.81,13.17,Cerrado
235,10/1/1980,4/30/2020,0.048419451,54390000,-42.347,-16.861,MG,212.05,1.33,0.95,71.013,1,0.05,0.83,10816.937,818.67,13.08,Cerrado
238,10/1/1980,3/31/2021,3.630340725,54590000,-41.499,-16.689,MG,219.56,1.3,0.96,82.117,1,0.02,-0.04,1378.052,777.87,18.44,Atlanticforest
240,10/1/1980,3/31/2021,0.020281233,54770000,-40.739,-16.12,MG,251.14,1.25,0.97,158.741,1,0.03,0.33,2884.817,723.41,17.47,Atlanticforest
241,10/1/1980,3/31/2021,0.256895619,54780000,-40.305,-16.135,MG,248.27,1.28,0.97,136.894,3,0.03,0.37,63676.169,741.77,14.89,Atlanticforest
243,10/1/1980,4/30/2021,0.121441101,55340000,-39.545,-17.046,BA,189.04,1.29,0.95,146.403,1,0.02,0.77,2844.838,381.99,20.62,Atlanticforest
244,10/1/1980,6/30/2021,0.188134113,55360000,-39.981,-17.186,BA,194.9,1.42,0.94,117.296,1,0.02,0.01,899.011,460.19,17.95,Atlanticforest
246,10/1/1980,3/31/2021,2.02812331,55380000,-39.623,-17.25,BA,217.54,1.3,0.96,97.832,1,0.02,0.11,2040.506,300.84,17.22,Atlanticforest
247,10/1/1980,6/30/2021,1.075052073,55460000,-40.221,-17.375,BA,219.33,1.48,0.96,112.054,1,0.02,-0.01,3315.861,340.05,15.16,Atlanticforest
249,10/1/1980,4/30/2021,0.256375658,55510000,-39.664,-17.798,BA,272.04,1.24,0.97,93.504,1,0.03,0.41,3043.783,158.58,5.26,Atlanticforest
250,10/1/1980,12/31/2020,0.741395728,55520001,-41.492,-17.596,MG,297.62,1.2,0.98,277.378,1,0,0.03,2127.575,637.44,21.71,Atlanticforest
251,10/1/1980,4/30/2021,0,55560000,-41.249,-17.488,MG,299.86,1.33,0.98,122.209,1,0.01,0.75,5196.914,602.94,22.6,Atlanticforest
252,10/1/1980,6/30/2021,0.920513337,55610000,-41.122,-17.739,MG,322.42,1.38,0.98,83.089,1,0.01,0.59,1897.611,455.86,21.7,Atlanticforest
253,10/1/1980,6/30/2021,2.432305315,55630000,-40.762,-17.704,MG,245.53,1.36,0.98,131.315,1,0.02,0.34,9361.337,501.71,21.41,Atlanticforest
254,10/1/1980,5/31/2021,0.302969097,55660000,-40.676,-17.32,MG,254.22,1.49,0.98,105.302,1,0.02,-0.1,1990.638,393.86,18.8,Atlanticforest
255,10/1/1980,6/30/2021,0,55699998,-40.382,-17.842,MG,224.41,1.36,0.97,110.565,3,0.02,-0.16,14056.337,440.36,19.42,Atlanticforest
257,10/1/1980,6/30/2021,5.966539004,55850000,-40.336,-18.564,ES,303.95,1.53,0.97,85.912,1,0.01,0.33,7090.089,343.05,19.25,Atlanticforest
258,10/1/1980,12/31/2020,4.781662359,55900000,-40.915,-18.755,ES,290.8,1.57,0.97,86.258,1,0.02,0.83,190.358,435.99,25.69,Atlanticforest
259,10/1/1980,2/28/2021,3.245037599,55920000,-40.415,-18.7,ES,229.64,1.58,0.97,101.784,4,0.02,-0.11,4299.253,368.08,24.79,Atlanticforest
261,10/1/1980,10/31/2020,1.803155522,56028000,-43.301,-20.688,MG,191.84,1.42,0.97,106.315,1,0.02,0.27,1414.973,841.99,16.9,Atlanticforest
262,10/1/1980,9/30/2020,0.889801506,56055000,-43.242,-20.848,MG,176.43,1.64,0.95,137.516,1,0.02,0.24,1106.811,796.82,17.55,Atlanticforest
263,10/1/1980,12/31/2020,1.972520745,56065000,-43.098,-20.912,MG,132.58,1.35,0.92,283.589,1,0.01,-0.01,299.873,776.92,14.67,Atlanticforest
264,10/1/1980,7/31/2020,1.037872019,56075000,-43.088,-20.671,MG,117.93,1.57,0.93,153.325,1,0.02,0.23,4322.242,797.12,17.24,Atlanticforest
265,10/1/1980,2/29/2020,0.520978049,56085000,-42.923,-20.723,MG,80.94,1.57,0.86,189.731,4,0.01,0.27,347.465,738.97,16.11,Atlanticforest
266,10/1/1980,3/31/2021,1.642779881,56090000,-43.001,-20.715,MG,81.23,1.57,0.88,179.35,5,0.04,0.17,333.375,756.34,16.18,Atlanticforest
267,10/1/1980,3/31/2021,0.256895619,56240000,-43.182,-20.39,MG,102.21,1.67,0.89,176.667,1,0.05,0.32,856.876,973.16,20.36,Atlanticforest
268,10/1/1980,3/31/2021,0.209572742,56335001,-43.139,-20.362,MG,75.54,1.68,0.86,169.886,9,0.07,1.42,1395.632,901.16,20.18,Atlanticforest
269,10/1/1980,6/30/2020,0.213528034,56385000,-42.673,-20.7,MG,79.38,1.77,0.86,103.096,3,0.03,2.17,534.855,868.84,22.21,Atlanticforest
271,10/1/1980,1/31/2021,2.097332519,56484998,-42.44,-20.103,MG,22.41,1.46,0.73,155.734,4,0.06,1.53,1381.614,797.59,21.74,Atlanticforest
272,10/1/1980,4/30/2021,0.99851572,56539000,-42.477,-19.777,MG,29.3,1.32,0.69,124.561,1,0.02,0.91,16371.881,695.29,18.87,Atlanticforest
273,10/1/1980,4/30/2020,0.484194508,56570000,-42.446,-19.71,MG,32.95,1.22,0.62,172.036,1,0.02,1.16,839.547,616.57,21.03,Atlanticforest
274,10/1/1980,3/31/2021,0.385343429,56610000,-43.173,-19.932,MG,15.95,1.28,0.6,230.527,1,0.03,1.2,1181.016,813.44,17.71,Atlanticforest
275,10/1/1980,12/31/2020,0.91144062,56640000,-43.457,-19.97,MG,12.1,1.22,0.59,269.64,9,0.02,1.8,427.423,1184.59,25.84,Atlanticforest
276,10/1/1980,1/31/2021,1.03169755,56775000,-43.019,-19.232,MG,87.78,1.33,0.88,311.553,1,0.03,0.58,4154.126,780.53,18.87,Atlanticforest
277,10/1/1980,3/31/2021,0.290697674,56800000,-43.083,-18.895,MG,99.5,1.32,0.91,145.964,1,0.02,-0.1,1545.5,799.66,18.45,Atlanticforest
278,10/1/1980,3/31/2021,0.405624662,56825000,-42.423,-19.19,MG,91.86,1.32,0.91,171.833,1,0.02,0.79,10359.627,749.55,21.65,Atlanticforest
280,10/1/1980,1/31/2021,2.714993552,56846000,-42.36,-18.952,MG,86.89,1.32,0.87,211.534,1,0.02,0.39,2012.187,777.15,22.25,Atlanticforest
281,10/1/1980,4/30/2021,0.215895291,56850000,-41.951,-18.883,MG,100.24,1.32,0.88,247.955,1,0.01,0.68,41208.262,686.7,19.99,Atlanticforest
282,10/1/1980,3/31/2021,0.223093564,56860000,-42.603,-18.363,MG,54.51,1.35,0.77,210.951,1,0.03,0.78,2832.159,791.59,19.26,Atlanticforest
283,10/1/1980,4/30/2021,0.458777493,56870000,-42.455,-18.202,MG,46.63,1.28,0.71,221.991,1,0.03,0.72,633.29,606.18,18.36,Atlanticforest
284,10/1/1980,3/31/2021,0.209572742,56891900,-41.918,-18.575,MG,15.88,1.31,0.79,193.693,4,0.03,0.96,10139.001,589.45,19.43,Atlanticforest
285,10/1/1980,11/30/2020,0.211301206,56920000,-41.642,-18.973,MG,118,1.33,0.92,277.378,1,0.01,0.81,56224.824,638.09,19.69,Atlanticforest
286,10/1/1980,3/31/2021,2.568956193,56940002,-41.532,-19.064,MG,111.79,1.31,0.88,309.435,1,0.01,0.28,3287.798,545.08,21.7,Atlanticforest
288,10/1/1980,4/30/2021,1.356092295,56983000,-41.728,-20.107,MG,91.72,1.29,0.86,151.185,1,0.01,0.09,392.543,868.04,29.07,Atlanticforest
289,10/1/1980,12/31/2020,0.612161611,56990000,-41.162,-19.492,MG,76.09,1.32,0.83,260.711,1,0.02,-0.39,8883.228,575.51,24.86,Atlanticforest
290,10/1/1980,3/31/2021,2.068685776,56990990,-41.125,-20.078,ES,52.39,1.35,0.86,171.558,1,0.03,0.32,443.727,756.58,26.85,Atlanticforest
291,10/1/1980,4/30/2020,0.214428996,56991500,-41.058,-19.902,ES,36.25,1.37,0.85,160.521,7,0.03,0.34,1361.972,690.15,26.78,Atlanticforest
292,10/1/1980,3/31/2021,0.304218496,56992000,-41.012,-19.526,ES,37.43,1.09,0.86,180.593,1,0.01,-0.12,2175.002,557.18,26.37,Atlanticforest
293,10/1/1980,3/31/2021,4.502433748,56993551,-40.733,-19.559,ES,13.34,1.01,0.63,236.991,1,0,0.1,913.462,437.02,24.71,Atlanticforest
294,10/1/1980,5/31/2020,3.154334622,56995500,-40.687,-19.423,ES,43.43,1.1,0.72,144.142,6,0.41,-0.37,941.646,298.98,28.91,Atlanticforest
295,10/1/1980,4/30/2021,0.134934557,57130000,-40.528,-20.1,ES,70.66,1.06,0.83,179.42,1,0.01,0.16,1015.953,839.76,22.71,Atlanticforest
296,10/1/1980,3/31/2021,0,57170000,-40.653,-20.316,ES,70.52,1.11,0.75,120.889,1,0.28,-0.17,1009.846,914.79,22.37,Atlanticforest
297,10/1/1980,3/31/2021,0.006760411,57250000,-40.813,-20.557,ES,59.17,1.11,0.77,123.755,6,0.24,0.14,216.493,915.73,22.25,Atlanticforest
298,10/1/1980,1/31/2021,2.246657164,57300000,-40.946,-20.885,ES,51.22,1.09,0.86,246.691,1,0.01,0.49,311.079,501.71,27.39,Atlanticforest
299,10/1/1980,2/29/2020,1.65323701,57320000,-40.828,-20.777,ES,60.54,1.12,0.82,141.69,1,0.31,-0.02,151.434,489.41,31.49,Atlanticforest
300,10/1/1980,4/30/2021,0.168668196,57350000,-41.409,-20.372,ES,37.98,1.05,0.82,384.599,1,0.03,0.03,226.588,965.36,27.35,Atlanticforest
301,10/1/1980,12/31/2020,0.122432322,57360000,-41.534,-20.352,ES,54.95,0.87,0.81,210.657,1,0.05,0,442.905,851.65,23.4,Atlanticforest
302,10/1/1980,4/30/2021,0.128187829,57370000,-41.503,-20.43,ES,53.73,0.87,0.81,202.711,1,0.04,-0.01,601.111,850.67,23.42,Atlanticforest
303,10/1/1980,4/30/2021,0.013493456,57400000,-41.511,-20.528,ES,42.46,1.18,0.9,225.997,1,0.02,-0.08,1067.758,840.33,26.14,Atlanticforest
304,10/1/1980,3/31/2021,1.926717144,57420000,-41.664,-20.539,ES,128.36,1.1,0.97,76.595,17,0.03,0.07,340.953,1203.39,29.63,Atlanticforest
306,10/1/1980,1/31/2021,0.074662323,57490000,-41.2,-20.606,ES,103.07,1.13,0.97,80.395,1,0.06,0.12,995.205,780.86,28.55,Atlanticforest
307,10/1/1980,2/28/2021,0,57550000,-41.174,-20.703,ES,98.22,1.1,0.97,111.281,1,0.01,0.26,1480.421,723.47,27.47,Atlanticforest
308,10/1/1980,2/29/2020,1.833842734,57580000,-40.961,-20.957,ES,84.36,1.12,0.97,101.572,1,0.02,0.17,5266.661,619.19,25.7,Atlanticforest
309,10/1/1980,7/31/2021,0,57700000,-41.921,-20.695,MG,68.51,1.01,0.93,349.229,1,0,0.21,483.982,1065.22,26.48,Atlanticforest
310,10/1/1980,7/31/2021,0.56993429,57720000,-41.847,-20.687,ES,72.84,1.01,0.92,257.456,7,0,0.12,226.656,1096.86,26.01,Atlanticforest
311,10/1/1980,2/28/2021,0.203238263,57740000,-41.679,-20.774,ES,75.95,1.01,0.92,255.059,1,0,0.12,415.167,846.75,22.06,Atlanticforest
312,10/1/1980,7/31/2021,0,57770000,-41.648,-21.029,ES,90.43,1.03,0.94,201.912,1,0.01,0.19,154.86,574.84,23.75,Atlanticforest
313,10/1/1980,7/31/2021,0.409011667,57830000,-41.464,-21.204,ES,79.76,1.08,0.95,166.885,8,0.01,0.18,2918.312,695.72,22.03,Atlanticforest
314,10/1/1980,3/31/2020,0.062383032,57930000,-41.31,-21.224,RJ,86.53,1.33,0.95,104.909,1,0.02,0.13,3861.915,598.54,21.89,Atlanticforest
315,10/1/1980,2/28/2021,0.623264007,58030000,-45.044,-22.994,SP,71.47,1.12,0.87,144.056,13,0.13,0.15,805.222,1150.97,19.73,Atlanticforest
316,10/1/1980,6/30/2021,0.503930659,58060000,-45.144,-23.33,SP,78.84,1.15,0.81,216.851,1,0.06,0,279.985,1197.97,19.84,Atlanticforest
317,10/1/1980,7/31/2021,5.98095749,58099000,-45.9,-23.369,SP,97.96,1.42,0.92,85.619,5,0.02,0.15,4994.958,935.78,18.72,Atlanticforest
318,10/1/1980,7/31/2021,0.207858388,58142200,-45.907,-23.125,SP,148.46,1.11,0.97,113.675,1,0.01,0.2,410.076,853.39,23.99,Atlanticforest
319,10/1/1980,12/31/2020,0.639368793,58183000,-45.473,-22.913,SP,147.32,1.15,0.97,106.949,1,0.01,0.29,9678.3,834.27,16.89,Atlanticforest
320,10/1/1980,6/30/2021,0.013438151,58204000,-45.183,-22.812,SP,154.16,1.15,0.97,100.166,3,0.03,-0.08,10866.276,823.2,16.68,Atlanticforest
321,10/1/1980,3/31/2021,0.351541374,58220000,-44.975,-22.692,SP,133.9,1.12,0.97,96.417,1,0.03,0.07,238.332,915.38,22.14,Atlanticforest
324,10/1/1980,7/31/2021,0.006705109,58380001,-43.286,-22.163,RJ,136.57,1.15,0.96,106.313,6,0.02,0,19529.42,749.97,17.85,Atlanticforest
325,10/1/1980,7/31/2021,0.811318224,58405000,-43.132,-22.332,RJ,144.68,1.16,0.96,109.588,6,0.03,0.07,420.404,1076.22,35.56,Atlanticforest
326,10/1/1980,7/31/2021,1.025881722,58420000,-42.897,-22.199,RJ,80.74,1.16,0.89,134.32,1,0.11,0.01,722.125,1048.14,31.54,Atlanticforest
327,10/1/1980,7/31/2021,0.388896339,58425000,-43.008,-22.192,RJ,69.51,0.8,0.81,205.791,1,0.02,-0.23,942.327,1004.19,30.78,Atlanticforest
328,10/1/1980,3/31/2021,4.103569497,58434000,-43.178,-22.3,RJ,62.92,0.8,0.8,185.241,13,0.02,-0.06,279.45,871.58,28.4,Atlanticforest
330,10/1/1980,3/31/2021,0.419145484,58470000,-43.505,-21.594,MG,64.24,0.96,0.8,225.281,1,0.04,-0.06,372.275,859.48,19.38,Atlanticforest
331,10/1/1980,6/30/2021,0.208291339,58480500,-43.325,-21.778,MG,69.13,1.34,0.87,117.895,1,0.02,-0.25,985.96,810.85,17.43,Atlanticforest
333,10/1/1980,3/31/2021,0.39210384,58516500,-43.444,-21.86,MG,73.5,1.06,0.85,181.903,1,0.03,-0.18,2267.4,888.97,21.06,Atlanticforest
334,10/1/1980,6/30/2021,0.396425452,58520000,-43.374,-21.967,MG,158.89,1.21,0.93,137.896,3,0.02,0.07,3772.464,834.96,19.87,Atlanticforest
335,10/1/1980,2/28/2021,0.684235485,58525000,-44.538,-22.331,RJ,148.95,1.32,0.9,97.088,1,0.01,0.13,89.563,1603.79,29.29,Atlanticforest
336,10/1/1980,7/31/2021,0,58530000,-44.389,-22.27,MG,125.7,1.28,0.92,124.976,1,0.02,0.26,275.907,1343.5,27.79,Atlanticforest
337,10/1/1980,3/31/2021,1.24391563,58535000,-44.264,-22.245,RJ,124.88,1.34,0.94,178.306,13,0.01,0.11,404.164,1248.81,27.92,Atlanticforest
339,10/1/1980,7/31/2021,0.18774306,58550001,-43.819,-22.087,RJ,56.72,1.35,0.9,124.145,1,0.03,0.26,1814.866,889.41,24.99,Atlanticforest
342,10/1/1980,6/30/2021,0.409863603,58585000,-43.559,-22.084,RJ,53.7,0.83,0.76,359.238,23,0,0.02,3153.14,794.76,23.45,Atlanticforest
343,10/1/1980,6/30/2021,0.403144527,58610000,-43.041,-21.897,MG,46.09,0.86,0.76,273.947,5,0,0.04,794.526,645.95,18.35,Atlanticforest
344,10/1/1980,2/28/2021,0.630038615,58630002,-42.991,-22.035,RJ,39.15,0.86,0.76,527.3,8,0.01,0.04,30947.254,761.51,19.72,Atlanticforest
345,10/1/1980,7/31/2021,0.402306558,58645000,-42.677,-22.05,RJ,30.9,1,0.85,631.161,6,0,-0.11,295.006,898.09,24.98,Atlanticforest
347,10/1/1980,7/31/2021,0.838138662,58670002,-42.343,-21.658,RJ,7.79,0.94,0.8,392.164,11,0,-0.04,607.967,346.37,19.51,Atlanticforest
349,10/1/1980,12/31/2020,1.707250714,58720000,-43.248,-21.355,MG,5.6,1.01,0.69,582.183,1,0,0.27,323.224,749.77,21.14,Atlanticforest
350,10/1/1980,6/30/2021,0.228448565,58730001,-43.053,-21.356,MG,509.92,1.33,0.99,75.623,17,0.11,0.05,1666.412,671.04,19.93,Atlanticforest
351,10/1/1980,6/30/2021,0,58735000,-42.862,-21.309,MG,532.9,1.34,0.99,70.746,1,0.12,0.2,2366.723,600.93,18.71,Atlanticforest
352,10/1/1980,6/30/2021,0.208291339,58755000,-43.127,-21.476,MG,583.32,1.35,0.98,70.057,4,0.06,0.18,816.645,747.56,18.29,Atlanticforest
353,10/1/1980,2/28/2021,1.050064359,58765001,-42.83,-21.471,MG,555.46,1.37,0.98,56.613,7,0.15,0.02,1797.707,609.54,18.29,Atlanticforest
354,10/1/1980,3/31/2021,0.175770687,58770000,-42.696,-21.391,MG,539.45,1.37,0.98,70.924,10,0.29,0.05,5966.066,556.48,18.53,Atlanticforest
355,10/1/1980,7/31/2021,0.207858388,58795000,-41.984,-21.628,RJ,574.9,1.36,0.98,73.609,1,0.22,0.33,43710.628,668.52,19.57,Atlanticforest
356,10/1/1980,7/31/2021,0.409011667,58825000,-42.571,-22.218,RJ,417.67,1.2,0.99,93.881,9,0.03,0.06,215.307,1213.64,27.41,Atlanticforest
357,10/1/1980,7/31/2021,0.067051093,58827000,-42.416,-22.158,RJ,441.29,1.24,1,75.609,1,0.06,0.14,545.253,1111.64,28.37,Atlanticforest
358,10/1/1980,6/30/2021,0,58850000,-41.938,-21.77,RJ,444.28,1.23,1,84.696,2,0.09,0.11,1850.007,781.45,29.19,Atlanticforest
359,10/1/1980,2/28/2021,1.036515141,58870000,-41.954,-21.729,RJ,575.34,1.32,0.97,56.887,1,0.23,0.05,1139.224,445.01,23.04,Atlanticforest
360,10/1/1980,5/31/2021,0.410691443,58874000,-41.859,-21.644,RJ,627.48,1.39,0.94,53.784,1,0.23,0.08,3178.469,626.1,26.69,Atlanticforest
361,10/1/1980,7/31/2021,3.231862679,58910000,-42.514,-21.051,MG,862.59,1.34,0.77,70.227,1,0.1,0.2,153.614,766.81,22.68,Atlanticforest
363,10/1/1980,1/31/2020,0.828287047,58917000,-42.349,-20.911,MG,852.55,1.33,0.77,71.42,1,0.15,0.14,760.651,857.93,22.43,Atlanticforest
364,10/1/1980,7/31/2021,0,58920000,-42.214,-21.152,MG,824.86,1.27,0.84,84.833,2,0.09,0,2712.537,592.31,21.31,Atlanticforest
365,10/1/1980,2/28/2021,0,58930000,-42.023,-20.739,MG,699.48,1.3,0.87,70.713,1,0.13,0.1,781.392,848,24.72,Atlanticforest
367,10/1/1980,5/31/2021,1.184945802,58960000,-41.618,-21.49,RJ,827.66,1.35,0.75,65.077,7,0.09,0.32,7347.16,476.42,21.24,Atlanticforest
369,10/1/1980,8/31/2020,0.212620027,59120000,-42.463,-22.372,RJ,858.09,1.37,0.73,53.933,12,0.12,0.4,60.311,1188.68,30.39,Atlanticforest
370,10/1/1980,7/31/2021,2.038353225,59125000,-42.379,-22.369,RJ,789.28,1.39,0.8,44.857,5,0.16,0.2,103.402,1142.96,31.53,Atlanticforest
371,10/1/1980,7/31/2021,0.207858388,59135000,-42.322,-22.402,RJ,768.55,1.37,0.81,53.256,2,0.15,0.16,80.709,959.37,29.94,Atlanticforest
373,10/1/1980,6/30/2021,2.250890277,59355000,-44.617,-22.736,SP,873.37,1.28,0.89,76.059,1,0.29,-0.01,21.878,1646.34,21.67,Atlanticforest
374,10/1/1980,6/30/2021,1.807431297,59370000,-44.56,-22.96,RJ,858.65,1.28,0.91,49.627,5,0.25,0.11,642.772,1188.82,26.43,Atlanticforest
375,10/1/1980,3/31/2021,1.412925906,59380000,-44.762,-23.223,RJ,854.42,1.31,0.88,54.512,3,0.26,0.03,104.393,875.07,35.33,Atlanticforest
376,10/1/1980,11/30/2020,0.218117374,60010000,-46.556,-18.836,MG,846.54,1.26,0.91,55.984,1,0.23,0.22,2753.817,954.15,8.2,Cerrado
377,10/1/1980,12/31/2019,0.837053571,60011000,-46.539,-18.602,MG,774.37,1.31,0.89,51.58,1,0.25,-0.12,3826.626,935.81,8.29,Cerrado
380,10/1/1980,4/30/2021,0.371070031,60110000,-47.406,-18.492,MG,634.08,1.38,0.94,49.976,1,0.09,-0.35,1966.064,896.99,8.15,Cerrado
381,10/1/1980,3/31/2021,1.392644673,60130000,-47.409,-18.781,MG,579.51,1.35,0.94,49.526,1,0.06,-0.11,131.461,963.44,6.49,Cerrado
382,10/1/1980,1/31/2020,1.97675228,60145000,-47.458,-18.977,MG,638.31,1.39,0.93,48.724,7,0.06,-0.31,92.563,1019.49,4.03,Cerrado
383,10/1/1980,4/30/2021,0.330589664,60150000,-47.69,-18.739,MG,736.25,1.31,0.92,68.915,1,0.09,-0.13,871.655,973.98,5.33,Cerrado
384,10/1/1980,6/30/2020,0.234192037,60220000,-47.017,-20.013,MG,948.19,1.26,0.92,81.058,1,0.23,0.2,1074.431,1158.63,11.49,Cerrado
385,10/1/1980,9/30/2020,0,60250000,-46.571,-19.518,MG,681.26,1.47,0.92,46.795,1,0.05,-0.1,1310.453,1059.57,11.32,Cerrado
386,10/1/1980,10/31/2019,0.322241681,60265000,-46.542,-19.475,MG,864.01,1.21,0.93,38.547,5,0.13,-0.05,1374.028,1052.14,9.95,Cerrado
387,10/1/1980,12/31/2019,0.251116071,60381000,-48.191,-18.989,MG,832.19,1.22,0.93,49.131,1,0.11,-0.04,791.998,939.53,3.02,Cerrado
389,10/1/1980,2/28/2021,0.514870266,60615000,-48.781,-18.698,MG,721.15,1.24,0.94,50.302,1,0.09,-0.02,194.995,826.67,3.48,Cerrado
391,10/1/1980,9/30/2020,0,60640000,-49.28,-16.613,GO,741.84,1.23,0.95,50.573,1,0.15,-0.02,1744.733,849.94,7.89,Cerrado
393,10/1/1980,9/30/2020,0,60650000,-49.198,-16.681,GO,195.12,1.28,1,65.877,1,0.05,-0.03,2839.807,851.08,7.54,Cerrado
395,10/1/1980,2/28/2021,1.388794797,60654000,-49.105,-16.914,GO,312.01,1.17,0.98,87.755,1,0.05,-0.41,1296.824,890.94,8.17,Cerrado
397,10/1/1980,9/30/2020,9.719370294,60680000,-49.601,-18.349,GO,200.9,1.04,0.94,125.462,1,0.06,-0.26,11538.334,755.51,6.88,Atlanticforest
398,10/1/1980,9/30/2020,1.047227926,60715000,-49.689,-17.108,GO,287.59,1.16,0.97,127.641,4,0.05,-0.21,4651.208,710.03,6.87,Cerrado
399,10/1/1980,12/31/2019,0.027901786,60750000,-50.29,-17.08,GO,279.95,1.17,0.97,83.362,1,0.07,-0.09,2646.985,653.09,5.33,Cerrado
400,10/1/1980,9/30/2020,0.006844627,60765000,-50.188,-17.732,GO,167.17,1.11,0.9,144.013,2,0.05,-0.73,7896.744,591.8,4.15,Cerrado
401,10/1/1980,5/31/2021,4.685922036,60772000,-50.247,-17.98,GO,179.99,1.11,0.9,109.021,5,0.05,-0.64,17286.45,618.93,5.08,Cerrado
402,10/1/1980,4/30/2021,0,60774000,-51.075,-17.359,GO,153.14,1.05,0.85,140.992,1,0.07,-0.39,1013.946,884.82,3.98,Cerrado
403,10/1/1980,7/31/2020,0.618599216,60778000,-50.771,-17.333,GO,191.58,1.08,0.87,111.233,1,0.08,-0.52,807.101,839.05,3.72,Cerrado
404,10/1/1980,5/31/2021,0,60781000,-50.683,-17.327,GO,312.82,1.16,0.9,82.668,1,0.13,-0.26,5956.754,801.48,3.65,Cerrado
405,10/1/1980,7/31/2020,5.368066534,60785005,-50.776,-17.464,GO,367.62,1.2,0.91,76.307,1,0.16,0,1169.275,811.81,3.92,Cerrado
407,10/1/1980,9/30/2020,0,60798000,-50.333,-17.968,GO,105.96,1.11,0.74,74.984,1,0.13,-0.66,12801.457,725.95,3.77,Cerrado
409,10/1/1980,7/31/2020,4.563887552,60845000,-49.451,-18.942,MG,113.46,1.07,0.83,139.565,1,0.41,-0.37,6332.969,736.87,5.53,Cerrado
410,10/1/1980,10/31/2020,0.881087357,60850000,-49.179,-19.361,MG,143.71,1.07,0.83,127.972,1,0.31,-0.12,2458.482,685.77,6.61,Cerrado
411,10/1/1980,11/30/2019,0.223698008,60855000,-49.698,-19.036,MG,136.15,1.05,0.8,121.705,1,0.06,-0.39,5242.033,637.44,6.24,Cerrado
412,10/1/1980,7/31/2020,5.642999519,60870000,-50.528,-18.498,GO,90.89,1,0.81,175.983,1,0.16,0.43,1632.705,611.97,5.89,Atlanticforest
414,10/1/1980,7/31/2020,3.354182418,60910000,-52.603,-17.579,GO,87.61,1.05,0.79,132.569,1,0.21,-0.27,644.3,864.85,4.24,Cerrado
415,10/1/1980,7/31/2020,0.824798955,60925001,-50.667,-19.219,MG,746.18,1.41,0.81,54.984,1,0.04,-0.19,3521.968,480.44,5.02,Atlanticforest
416,10/1/1980,4/30/2021,0.49925786,60930000,-52.532,-18.406,GO,605.12,1.43,0.7,46.055,1,0.05,-0.04,1459.257,831.55,1.41,Cerrado
417,10/1/1980,4/30/2021,0,60940000,-52.097,-18.516,GO,132.1,1.17,0.64,63.233,1,0.06,-0.04,3187.143,804.71,2.57,Cerrado
418,10/1/1980,4/30/2021,0.931048442,60950000,-51.149,-19.101,GO,214.82,1.1,0.42,95.792,3,0.09,-0.12,6805.523,674.18,3.47,Cerrado
419,10/1/1980,7/31/2020,0,60970000,-51.534,-19.14,GO,265.7,1.16,0.47,78.456,3,0.07,0,5226.763,680.85,3.72,Cerrado
438,10/1/1980,3/31/2021,0,61173000,-45.172,-21.342,MG,235.96,1.13,0.44,87.759,2,0.03,0.04,393.83,971.23,11.92,Atlanticforest
450,10/1/1980,3/31/2021,2.413466739,61770000,-47.013,-21.136,MG,180.28,1,0.22,44.811,1,0.1,-0.71,227.57,995.44,10.05,Cerrado
451,10/1/1980,4/30/2020,7.096908072,61800500,-46.309,-22.004,MG,192.62,1.04,0.27,61.927,1,0.13,-1.08,357.573,1223.14,16.86,Atlanticforest
452,10/1/1980,3/31/2021,3.697944835,61815000,-46.704,-21.294,MG,291.67,1.05,0.33,73.745,1,0.14,-0.11,76.182,960.11,12.85,Atlanticforest
453,10/1/1980,2/29/2020,0.333425952,61826000,-46.962,-21.42,MG,437.77,1.26,0.48,75.899,1,0.22,-0.41,661.763,850.8,11.59,Cerrado
455,10/1/1980,3/31/2021,4.035965387,61861000,-46.323,-22.318,MG,222.18,0.94,0.23,65.8,2,0.06,0,467.181,1194.45,18.65,Atlanticforest
456,10/1/1980,4/30/2021,2.71218459,61865000,-46.608,-22.273,MG,248.99,0.98,0.24,99.965,1,0.04,-0.64,938.934,1072.02,16.19,Atlanticforest
457,10/1/1980,12/31/2019,6.270926339,61879000,-46.648,-22.522,SP,293.39,0.98,0.24,106.641,1,0.06,0.42,1143.584,1131.3,16.54,Atlanticforest
458,10/1/1980,12/31/2019,0.132533482,61886000,-47.134,-22.299,SP,309.69,1.03,0.34,115.44,1,0.04,-0.43,4700.561,932.29,13.68,Cerrado
460,10/1/1980,2/29/2020,0,61912000,-48.041,-21.517,SP,325.6,1,0.27,107.993,3,0.07,-0.91,13697.736,773.26,9.2,Cerrado
461,10/1/1980,12/31/2019,7.645089286,61915000,-48.176,-21.018,SP,356.54,1,0.26,91.385,1,0.09,-0.3,17413.705,736.05,8.23,Cerrado
462,10/1/1980,12/31/2019,5.231584821,62395000,-47.058,-23.15,SP,389.32,1.03,0.29,95.737,1,0.12,-1.47,616.677,813.71,11.77,Atlanticforest
463,10/1/1980,2/29/2020,0,62600000,-46.633,-22.882,SP,457.17,1.07,0.3,88.766,1,0.13,-0.77,1700.286,1127.2,18.08,Atlanticforest
464,10/1/1980,2/29/2020,0.777993887,62615000,-46.987,-22.709,SP,522.06,1.09,0.32,83.227,1,0.13,-0.69,2198.04,1058.57,17.07,Atlanticforest
465,10/1/1980,12/31/2019,2.462332589,62625000,-46.781,-22.708,SP,366.46,0.9,0.22,129.696,1,0.04,0.51,649.43,1018.77,16.31,Atlanticforest
466,10/1/1980,1/31/2020,4.517296582,62665000,-46.365,-23.052,SP,405.14,0.92,0.22,107.348,1,0.08,0.63,433.86,1117.88,21.73,Atlanticforest
467,10/1/1980,2/29/2020,3.37593776,62670000,-46.557,-23.104,SP,429.22,1.01,0.24,71.872,1,0.3,-0.57,1147.097,976.83,18.83,Atlanticforest
470,10/1/1980,8/31/2020,2.908093278,63900001,-53.718,-20.441,MS,451.48,0.93,0.21,90.45,3,0.12,0.08,8319.139,545.7,3.63,Cerrado
471,10/1/1980,5/31/2020,0.766151298,63955000,-53.053,-21.608,MS,459.34,0.94,0.21,85.968,1,0.14,-0.07,13564.706,434.48,2.91,Cerrado
472,10/1/1980,1/31/2020,5.422147978,64065000,-48.109,-23.625,SP,472.1,1.13,0.25,55.47,36,0.22,-0.25,1529.339,745.32,9.66,Cerrado
473,10/1/1980,12/31/2019,0.013950893,64360000,-49.958,-23.767,PR,480.72,0.99,0.22,77.021,1,0.16,-0.02,2021.54,798.01,11.71,Atlanticforest
474,10/1/1980,12/31/2019,0.013950893,64362000,-50.163,-23.342,PR,522.16,1,0.21,72.785,12,0.19,-0.13,3982.838,678.89,10.07,Atlanticforest
475,10/1/1980,12/31/2019,0.034877232,64380000,-50.391,-23.85,PR,42.17,0.95,0.43,93.889,3,0.03,-0.04,1030.364,746.29,12.97,Atlanticforest
477,10/1/1980,12/31/2019,0,64442800,-50.525,-25.2,PR,52.01,0.95,0.38,49.723,12,0.03,-0.02,1351.873,859.27,7.61,Atlanticforest
479,10/1/1980,12/31/2019,0,64465000,-50.409,-24.508,PR,80.06,1.03,0.35,43.957,28,0.08,-0.33,8945.058,880.36,8.24,Cerrado
480,10/1/1980,12/31/2019,0,64501000,-50.923,-23.637,PR,61.56,0.86,0.3,47.692,13,0.02,-1.19,18772.93,870.23,9.83,Atlanticforest
483,10/1/1980,12/31/2019,4.255022321,64550000,-52.079,-22.857,PR,349.22,0.87,0.11,63.265,2,0.09,0.4,4492.92,523.27,6.46,Atlanticforest
486,10/1/1980,12/31/2019,0.048828125,64620000,-50.943,-25.205,PR,400.54,0.87,0.09,65.384,7,0.2,0.33,1088.913,854.42,10.11,Atlanticforest
487,10/1/1980,10/31/2019,0,64625000,-51.143,-24.828,PR,422.17,0.85,0.1,75.064,6,0.12,0.17,3570.012,796.84,12.6,Atlanticforest
488,10/1/1980,12/31/2019,0,64645000,-51.425,-24.341,PR,1017.92,1.49,0.84,32.822,1,0.05,0.13,8562.563,808.93,12.62,Atlanticforest
489,10/1/1980,12/31/2019,0,64652000,-51.482,-24.106,PR,76.12,0.97,0.2,236.811,1,0.01,0.37,2615.365,668.68,15.1,Atlanticforest
490,10/1/1980,12/31/2019,0,64655000,-51.622,-24.042,PR,105.59,0.93,0.18,179.974,1,0.01,0.2,12722.157,758.53,13.15,Atlanticforest
491,10/1/1980,12/31/2019,0,64659000,-51.947,-24.016,PR,116.05,0.96,0.11,153.272,1,0.01,0.21,3287.556,613.92,14.65,Atlanticforest
493,10/1/1980,12/31/2019,0,64675002,-52.117,-23.674,PR,136.63,0.95,0.09,89.071,1,0.01,0.05,23134.846,665.75,12.24,Atlanticforest
495,10/1/1980,12/31/2019,0,64685000,-52.665,-23.324,PR,106.65,0.96,0.23,262.813,1,0.01,0.06,28445.269,621.92,11.09,Atlanticforest
496,10/1/1980,12/31/2019,0.299944196,64693000,-53.316,-23.199,PR,92.98,0.96,0.18,227.424,1,0.01,-0.3,34433.542,577.41,10.07,Atlanticforest
499,10/1/1980,12/31/2019,0,64773000,-52.309,-24.728,PR,117.71,0.96,0.2,213.093,1,0.01,0.04,914.807,810.65,17.59,Atlanticforest
500,10/1/1980,12/31/2019,1.702008929,64775000,-52.703,-24.749,PR,208.95,0.95,0.16,87.315,1,0.04,-0.16,2148.922,687.29,15.12,Atlanticforest
501,10/1/1980,12/31/2019,0.983537946,64785000,-52.902,-24.554,PR,240.52,0.9,0.02,59.759,1,0.19,0.14,1138.409,623.35,7.3,Atlanticforest
502,10/1/1980,12/31/2019,0.216238839,64795000,-53.128,-24.558,PR,261.8,0.9,0.03,71.863,1,0.21,0.3,11174.373,668.03,13.39,Atlanticforest
503,10/1/1980,12/31/2019,0,64799500,-53.161,-24.378,PR,276.91,0.9,0.03,77.063,1,0.2,0.56,12841.262,646.11,12.55,Atlanticforest
504,10/1/1980,12/31/2019,0,64810000,-53.134,-23.919,PR,236.17,0.96,0.18,84.334,1,0.04,0.33,2032.343,500.73,6.27,Atlanticforest
506,10/1/1980,12/31/2019,0,64820000,-53.327,-24.204,PR,259.13,0.95,0.18,94.709,1,0.04,0.31,17434.922,593.86,10.9,Atlanticforest
507,10/1/1980,12/31/2019,0,64830000,-53.746,-24.188,PR,344.54,0.86,0.15,119.886,5,0.04,-0.18,20962.664,564.09,10.06,Atlanticforest
509,10/1/1980,5/31/2020,0.124240751,65010000,-49.145,-25.519,PR,337.7,0.87,0.09,151.929,16,0.06,0.17,105.544,926.64,7.16,Atlanticforest
510,10/1/1980,2/29/2020,5.696026674,65015400,-49.229,-25.59,PR,353.02,0.88,0.16,75.027,1,0.09,0.09,258.854,926.25,6.88,Atlanticforest
511,10/1/1980,12/31/2019,0,65025000,-49.513,-25.606,PR,325.81,0.88,0.16,84.855,1,0.03,0.42,2302.421,924,5.81,Atlanticforest
515,10/1/1980,12/31/2019,0.446428571,65135000,-49.393,-25.934,PR,387.58,0.87,0.11,117.144,1,0.05,0.25,606.231,913.78,7.64,Atlanticforest
520,10/1/1980,12/31/2019,2.755301339,65925000,-52.295,-26.278,PR,381.22,0.88,0.13,88.474,17,0.12,0.35,1657.608,1095.65,7.16,Atlanticforest
521,10/1/1980,12/31/2019,0,65945000,-52.801,-26.051,PR,381.34,0.9,0.12,99.081,1,0.1,0.33,494.408,732.29,9.97,Atlanticforest
522,10/1/1980,12/31/2019,0.990513393,65948000,-53.02,-26.153,PR,367.29,0.88,0.12,93.916,1,0.1,0.97,338.482,762.09,11.69,Atlanticforest
526,10/1/1980,4/30/2021,0.215895291,67100000,-57.892,-21.699,MS,367.18,0.92,0.1,102.673,1,0.16,0.95,572536.945,247.87,2.8,Pantanal
527,10/1/1980,3/31/2021,1.034342888,70100000,-49.802,-28.369,SC,296.7,0.91,0,64.59,1,0.21,1.01,534.51,1396.66,16.67,Atlanticforest
528,10/1/1980,5/31/2021,1.312866088,70200000,-50.302,-28.439,RS,362.22,0.91,0.02,61.285,1,0.2,0.68,2828.852,1212.14,15.87,Atlanticforest
529,10/1/1980,5/31/2021,1.198411095,70300000,-50.06,-28.091,SC,385.97,0.88,0.09,106.029,4,0.08,0.21,1161.21,1300.83,15.76,Atlanticforest
530,10/1/1980,7/31/2021,2.863081668,70500000,-50.443,-28.161,SC,417.68,0.86,0.11,143.495,3,0.09,0.48,490.176,1114.78,8.19,Atlanticforest
531,10/1/1980,5/31/2021,0.289503804,71200000,-49.778,-27.803,SC,375.67,0.93,0.03,59.211,25,0.23,0.16,1015.692,1187.43,22.86,Atlanticforest
532,10/1/1980,7/31/2021,0.797908006,71250000,-49.629,-27.828,SC,339.64,0.92,0.04,41.823,4,0.34,0.26,487.071,1110,23.46,Atlanticforest
533,10/1/1980,11/30/2020,0.995160521,71300000,-49.839,-27.702,SC,385.26,0.92,0.03,57.126,2,0.27,-0.14,1997.387,1108.23,20.52,Atlanticforest
535,10/1/1980,7/31/2021,0.596754727,71498000,-50.754,-27.334,SC,404,0.93,0.04,51.101,3,0.26,-0.2,3682.281,1018.22,9.93,Atlanticforest
537,10/1/1980,4/30/2021,1.038996087,72430000,-51.753,-27.878,RS,399.07,0.94,0.04,48.867,1,0.25,0.03,1622.051,740.57,8.23,Atlanticforest
538,10/1/1980,7/31/2021,0,72630000,-51.886,-27.707,RS,436.28,0.88,0.08,94.436,1,0.16,-0.32,2797.132,657.74,10.93,Atlanticforest
539,10/1/1980,7/31/2021,0.020115328,72680000,-51.858,-27.562,RS,401.03,0.93,0.05,46.445,8,0.24,-0.1,3656.296,648.81,11.89,Atlanticforest
540,10/1/1980,7/31/2021,0.402306558,72715000,-51.076,-26.896,SC,424.22,0.93,0.05,48.17,1,0.21,-0.07,801.936,1042.09,11.15,Atlanticforest
541,10/1/1980,7/31/2021,0.643690492,72810000,-51.258,-27.088,SC,470.27,0.89,0.07,84.741,1,0.18,-0.16,2009.157,999.62,14.06,Atlanticforest
543,10/1/1980,5/31/2021,0.249107924,73300000,-52.183,-26.949,SC,306.48,1.1,0.01,23.449,1,0.12,-0.05,654.243,1013.89,13.83,Atlanticforest
545,10/1/1980,7/31/2021,0.462652541,73350000,-52.523,-27.165,SC,318.12,0.93,0.06,62.395,1,0.18,-0.01,1501.511,840.13,17.64,Atlanticforest
546,10/1/1980,7/31/2021,0.85154888,73600000,-52.326,-26.561,SC,89.54,1.04,0.45,91.423,1,0.01,-0.16,1837.262,1095.51,8.41,Atlanticforest
547,10/1/1980,6/30/2020,0.902328144,73690001,-52.026,-26.772,SC,81.6,1.07,0.42,127.294,1,0.01,-0.11,740.559,1108.19,10.82,Atlanticforest
548,10/1/1980,4/30/2021,1.038996087,73765000,-52.75,-26.761,SC,10.53,0.71,0.43,265.314,6,0,0.22,256.571,611.88,18.79,Atlanticforest
549,10/1/1980,7/31/2021,0.449242323,73770000,-52.734,-26.817,SC,51.03,0.89,0.25,258.818,1,0,0.27,5556.7,891.49,11.25,Atlanticforest
552,10/1/1980,7/31/2021,0.409011667,73900000,-53.009,-26.924,SC,15.52,0.72,0.44,88.6,1,0.07,0.01,417.941,525.09,13.05,Atlanticforest
553,10/1/1980,7/31/2021,0.28161459,73960000,-52.954,-27.041,SC,137.05,0.96,0.26,145.041,1,0.04,0.12,8246.901,780.21,13.16,Atlanticforest
554,10/1/1980,7/31/2021,0.576639399,74100000,-53.229,-27.175,RS,70.71,0.96,0.27,236.332,9,0.01,0.58,62087.865,844.61,13.21,Atlanticforest
555,10/1/1980,3/31/2021,0.182531098,74205000,-53.028,-27.815,RS,95.19,0.99,0.2,176.829,10,0.05,0.7,436.195,540.56,9.63,Atlanticforest
556,10/1/1980,5/31/2021,0,74270000,-53.32,-27.278,RS,100.04,0.98,0.22,147.155,6,0.05,-0.34,5343.739,490.86,10.4,Atlanticforest
557,10/1/1980,5/31/2021,2.033259274,74295000,-53.295,-27.013,SC,112.02,0.97,0.21,128.803,1,0.01,-0.01,299.573,501.61,14.07,Atlanticforest
558,10/1/1980,7/31/2021,0.388896339,74320000,-53.286,-26.682,SC,89.34,0.99,0.21,157.126,9,0.04,0.03,608.194,668.34,17.21,Atlanticforest
559,10/1/1980,7/31/2021,0.201153279,74370000,-53.644,-27.333,RS,68.35,0.95,0.27,189.019,1,0.01,-1.24,2020.7,491.73,8.98,Atlanticforest
560,10/1/1980,7/31/2021,0.596754727,74460000,-53.728,-27.825,RS,58.63,0.87,0.29,199.724,1,0.04,-1.13,483.272,515.17,6.21,Atlanticforest
561,10/1/1980,7/31/2021,0.020115328,74470000,-53.88,-27.392,RS,43.68,0.97,0.23,156.397,2,0.04,-0.57,1537.746,461.49,8.39,Atlanticforest
562,10/1/1980,7/31/2021,0.248089044,74700000,-54.464,-27.674,RS,24.96,0.84,0.33,120.02,3,0.01,-0.41,1139.382,321.81,6.4,Atlanticforest
563,10/1/1980,7/31/2021,3.312323991,74750000,-54.556,-27.845,RS,30.81,0.95,0.33,201.616,3,0.01,-0.14,328.259,312.56,6.34,Atlanticforest
564,10/1/1980,7/31/2021,0.610164946,74800000,-55.027,-27.851,RS,31.21,0.99,0.27,203.382,1,0.01,-0.14,95333.985,692.1,12.71,Atlanticforest
565,10/1/1980,6/30/2021,0.96082779,74880000,-54.755,-28.062,RS,16.59,0.91,0.38,269.702,1,0.01,0.01,820.125,313.94,5.99,Atlanticforest
566,10/1/1980,6/30/2021,0,74900000,-54.94,-27.931,RS,43.75,0.9,0.38,246.613,6,0,-0.16,1260.502,274.67,6.23,Atlanticforest
567,10/1/1980,7/31/2021,5.766393992,75550000,-55.643,-28.179,RS,34.63,0.94,0.44,161.486,2,0.01,0.13,116178.977,617.13,11.42,Pampa
568,10/1/1980,7/31/2021,2.346788253,76310000,-54.915,-30.242,RS,22.73,0.94,0.39,174.588,2,0.02,-0.06,12092.547,167.91,3.33,Pampa
569,10/1/1980,7/31/2021,1.079522596,77150000,-57.097,-29.741,RS,16.01,0.94,0.37,207.859,1,0.01,-0.08,190597.85,433.72,8.27,Pampa
570,10/1/1980,12/31/2019,0,81125000,-49.34,-24.756,PR,22.11,0.93,0.34,214.461,1,0.09,-0.66,406.719,856.53,13.81,Atlanticforest
572,10/1/1980,12/31/2019,0.299944196,81200000,-49,-24.656,PR,203.21,0.93,-0.01,59.908,1,0.31,-0.37,7384.906,755.71,18.25,Atlanticforest
574,10/1/1980,12/31/2019,0,82170000,-48.834,-25.472,PR,201.9,0.96,-0.03,105.183,3,0.17,0,210.746,577.78,24.72,Atlanticforest
575,10/1/1980,8/31/2021,0.080294413,82320000,-49.292,-26.424,SC,228.82,1.07,-0.04,46.405,1,0.12,0.06,182.935,741.35,16.87,Atlanticforest
577,10/1/1980,8/31/2021,2.482435597,82770000,-48.829,-26.446,SC,103.58,0.97,-0.04,61.081,1,0.24,-0.34,419.777,146.04,12.91,Atlanticforest
578,10/1/1980,8/31/2021,0.441619271,83050000,-49.995,-27.114,SC,95.4,0.96,0.16,158.669,4,0.01,-0.31,1573.131,689.74,18.16,Atlanticforest
579,10/1/1980,8/31/2021,1.472064236,83105000,-49.363,-27.683,SC,88.27,0.97,0.13,92.691,1,0.02,0.13,435.803,884.43,22.95,Atlanticforest
580,10/1/1980,8/31/2021,0.080294413,83250000,-49.606,-27.399,SC,141.1,0.92,0.03,62.914,4,0.16,-0.11,1651.036,700.48,18.46,Atlanticforest
581,10/1/1980,8/31/2021,3.084643694,83300200,-49.629,-27.208,SC,150.76,0.92,0.04,51.712,1,0.18,-0.11,5086.003,634.94,16.52,Atlanticforest
582,10/1/1980,6/30/2021,3.17812269,83345000,-49.833,-26.698,SC,163.73,0.92,0.02,94.879,2,0.13,-0.28,1432.133,676.34,17.83,Atlanticforest
583,10/1/1980,6/30/2021,0.456897131,83440000,-49.517,-27.055,SC,139.11,0.91,0.02,97.816,1,0.12,-0.33,3338.102,607.75,18.43,Atlanticforest
584,10/1/1980,6/30/2021,6.403278909,83660000,-49.365,-26.788,SC,108.83,0.94,0.05,119.62,2,0.09,0,731.539,720.03,17.26,Atlanticforest
585,10/1/1980,7/31/2021,0.154217514,83675000,-49.271,-26.742,SC,137.77,0.91,0.01,104.829,1,0.14,-0.16,538.315,689.31,17.63,Atlanticforest
587,10/1/1980,7/31/2021,1.32761164,83800002,-49.066,-26.918,SC,115.7,0.91,0.02,120.211,4,0.12,-0.61,11957.855,580.67,17.74,Atlanticforest
588,10/1/1980,8/31/2021,7.694881231,83880000,-48.933,-26.725,SC,122.25,0.92,0.02,153.647,3,0.04,-0.41,103.777,233.45,17.33,Atlanticforest
589,10/1/1980,7/31/2021,4.519243664,84071000,-48.952,-27.415,SC,47.35,0.95,0.05,170.925,1,0.04,-0.46,1027.569,701.01,21.26,Atlanticforest
590,10/1/1980,12/31/2020,8.556658958,84095000,-48.934,-27.286,SC,40.39,1.02,0.02,184.879,2,0.02,-0.47,601.573,569.76,24.59,Atlanticforest
591,10/1/1980,7/31/2021,6.497250905,84100000,-48.803,-27.704,SC,29.88,1.02,0.02,176.077,3,0.03,-0.54,407.102,561.85,24.39,Atlanticforest
592,10/1/1980,7/31/2021,0.160922623,84520000,-49.116,-27.996,SC,96.48,1.1,0,68.043,1,0.01,0.34,375.824,797.38,23.39,Atlanticforest
593,10/1/1980,7/31/2021,0.227973716,84551000,-49.194,-28.209,SC,24.3,1.06,-0.01,77.265,12,0.02,0.05,380.151,449.6,19.36,Atlanticforest
594,10/1/1980,7/31/2021,4.626525412,84580000,-49.106,-28.421,SC,29.72,1.04,0,66.82,1,0.02,0.43,2746.316,473.31,20.03,Atlanticforest
595,10/1/1980,7/31/2021,2.715569264,84600000,-49.013,-28.261,SC,570.62,0.77,0.37,33.348,1,0,0.14,844.013,460.54,19.74,Atlanticforest
596,10/1/1980,9/30/2020,3.867214237,84853000,-49.593,-28.87,SC,993.41,1.23,0.55,62.61,5,0.09,1.39,350.381,397.31,26.64,Atlanticforest
597,10/1/1980,7/31/2021,0.442537213,85400000,-53.347,-29.627,RS,797.27,1.53,0.86,65.565,2,0.04,0.19,14009.699,436.1,7.88,Atlanticforest
598,10/1/1980,7/31/2021,5.766393992,85438000,-53.375,-29.803,RS,825.96,1.61,0.3,72.232,4,0.06,0.28,929.115,190.79,9.11,Pampa
599,10/1/1980,5/31/2021,0.026930586,85480000,-53.986,-30.232,RS,1035.97,1.39,0.57,84.915,1,0.28,0.57,2967.18,172.26,4.59,Pampa
600,10/1/1980,7/31/2021,1.119753252,85900000,-52.377,-29.996,RS,968.77,1.23,0.43,143.911,1,0.03,1.21,38774.114,262.82,7.45,Pampa
601,10/1/1980,7/31/2021,2.024943007,86100000,-50.495,-28.806,RS,100.46,0.93,-0.75,20.45,1,0,-0.33,1733.61,989.45,13.92,Atlanticforest
602,10/1/1980,7/31/2021,1.783559072,86160000,-50.456,-28.868,RS,68.23,0.93,-0.76,20.444,1,0,-0.41,1112.328,900.46,7.75,Atlanticforest
603,10/1/1980,7/31/2021,0.623575164,86410000,-51.425,-28.74,RS,219.06,1.59,-0.76,64.914,1,0.01,-0.02,2823.189,773.97,8.23,Atlanticforest
604,10/1/1980,7/31/2021,1.025881722,86420000,-51.608,-28.678,RS,319.27,2.35,-0.31,60.917,3,0.09,0.06,317.024,734.56,7.42,Atlanticforest
605,10/1/1980,7/31/2021,0.308435027,86480000,-51.856,-28.619,RS,360.3,1.22,1,51.889,1,0.07,0.28,1282.421,722.25,12.47,Atlanticforest
606,10/1/1980,7/31/2021,0.201153279,86500000,-51.833,-28.849,RS,310.1,1.26,0.99,84.093,1,0.06,0.42,1820.637,675.68,13.48,Atlanticforest
607,10/1/1980,3/31/2021,0.486749594,86510000,-51.867,-29.169,RS,311.3,1.29,1,59.872,1,0.04,0.72,15997.267,751.58,13.76,Atlanticforest
608,10/1/1980,5/31/2021,1.878408402,86560000,-51.953,-28.912,RS,320.38,1.29,1,92.926,2,0.05,0.5,2032.996,589.33,14.21,Atlanticforest
609,10/1/1980,5/31/2021,1.434053727,86580000,-51.911,-29.12,RS,359.05,1.29,1,84.172,1,0.07,0.98,2465.503,559.91,15.49,Atlanticforest
611,10/1/1980,10/31/2020,3.292124855,86745000,-52.162,-29.216,RS,366.17,1.29,1,71.738,2,0.06,1.08,791.748,593.1,18.88,Atlanticforest
612,10/1/1980,7/31/2021,1.743328416,87170000,-51.387,-29.59,RS,247.65,1.21,0.98,52.858,1,0.05,1.11,3015.761,616.76,17.36,Atlanticforest
613,10/1/1980,7/31/2021,1.23374011,87380000,-51.038,-29.703,RS,303.67,1.23,0.98,90.601,1,0.05,0.96,2932.736,314.99,18.84,Atlanticforest
614,10/1/1980,8/31/2021,2.348611576,87382000,-51.148,-29.758,RS,335.81,1.24,0.99,89.342,1,0.08,0.81,3134.269,298.1,18.06,Pampa
616,10/1/1980,4/30/2021,6.490352179,88575000,-53.268,-31.865,RS,317.4,1.29,1,107.48,3,0.04,0.66,1050.82,283.48,7.77,Pampa
617,10/1/1980,5/31/2021,0.208712045,88750000,-52.474,-31.712,RS,321.82,1.29,1,103.392,1,0.05,0.89,130.358,126.48,7.61,Pampa
618,10/1/1980,8/31/2021,0.448310472,88850000,-52.463,-31.573,RS,331.42,1.29,1,80.703,1,0.06,0.84,369.985,226.13,8.96,Pampa
619,10/1/1980,12/31/2019,8.851841518,12400000,-73.664,-7.448,AC,391.87,1.29,0.99,80.513,1,0.08,1.08,1052.581,287.58,5.59,Amazon
620,10/1/1980,4/30/2021,0,20200000,-49.692,-15.496,GO,424.81,1.26,1,93.137,3,0.03,1.35,3688.594,729.64,7.25,Cerrado
621,10/1/1980,6/30/2020,4.945584791,21300000,-46.492,-14.477,GO,502.62,1.35,0.99,69.111,2,0.07,1.98,3787.691,779.76,6.85,Cerrado
622,10/1/1980,8/31/2020,6.618655693,21560000,-46.778,-13.501,GO,567.92,1.38,1,67.1,1,0.21,0.43,2866.765,621.9,5.73,Cerrado
623,10/1/1980,4/30/2021,0.90406153,22050001,-48.528,-12.023,TO,307.31,1.21,0.99,153.787,1,0.04,0.63,128698.069,635.1,8.49,Cerrado
625,10/1/1980,4/30/2021,1.504520308,25100000,-50.172,-15.923,GO,341.46,1.25,0.99,123.698,1,0.11,1.04,228.86,653.37,12.7,Cerrado
627,10/1/1980,5/31/2021,0.006732647,31490000,-47.055,-1.867,PA,364.23,1.41,0.99,126.673,5,0.02,1.67,3364.019,74.22,2.99,Amazon
628,10/1/1980,5/31/2021,0.006732647,31520000,-47.066,-1.543,PA,388.17,1.32,0.99,110.594,1,0.08,1.04,4856.465,70.24,3.06,Amazon
631,10/1/1980,7/31/2021,0.784497787,33075000,-46.493,-4.299,MA,386.53,1.47,1,61.758,2,0.1,1.54,4756.53,261.42,8.33,Amazon
632,10/1/1980,7/31/2021,0.006705109,34660000,-43.025,-5.572,PI,449.02,1.67,1,41.881,1,0.05,2.04,238369.408,391.59,5.17,Caatinga
633,10/1/1980,3/31/2021,6.550838291,40040000,-46.061,-20.096,MG,426.04,1.42,0.99,166.581,1,0.01,1.09,244.59,844.44,10.34,Cerrado
636,10/1/1980,4/30/2021,1.868843611,40150000,-44.793,-20.181,MG,473.7,1.71,0.99,168.883,1,0.02,1.01,2529.069,937.73,13.32,Cerrado
638,10/1/1980,12/31/2020,0.816215481,40185000,-44.893,-20.185,MG,623.35,1.38,0.98,89.149,2,0.09,0.53,1930.291,847.67,11.2,Cerrado
639,10/1/1980,4/30/2021,2.030765079,40269900,-44.582,-20.068,MG,780.51,1.47,0.96,64.85,1,0.2,1.6,343.216,1002.15,12.89,Atlanticforest
640,10/1/1980,3/31/2021,3.92779881,40300001,-44.818,-19.743,MG,583.63,1.97,0.97,57.348,1,0.01,0.23,1576.081,864.58,12.33,Atlanticforest
641,10/1/1980,3/31/2021,2.325581395,40330000,-44.931,-19.694,MG,665.01,1.74,0.61,28.391,1,0.2,0.18,7433.014,863.29,11.85,Cerrado
644,10/1/1980,11/30/2020,1.704041988,40680000,-44.073,-20.661,MG,647.31,2.32,0.76,35.356,1,0.03,0.91,493.765,999.06,11.61,Atlanticforest
645,10/1/1980,3/31/2020,0.076245928,40740000,-44.165,-20.156,MG,730.83,1.69,0.43,18.088,2,0.27,0.13,4177.476,990.8,14.29,Atlanticforest
646,10/1/1980,3/31/2021,0.006760411,40800001,-44.348,-19.916,MG,680.9,1.95,0.51,46.941,2,0.2,0.16,6287.908,958.57,13.82,Atlanticforest
648,10/1/1980,12/31/2019,0,40810800,-44.436,-20.088,MG,745.98,2.05,0.24,62.626,1,0.14,0.16,56.119,949.39,16.71,Atlanticforest
649,10/1/1980,3/31/2021,0.094645754,40811100,-44.409,-20.048,MG,115.82,2.49,0.91,90.014,1,0.09,1.29,114.535,929.62,14.99,Atlanticforest
650,10/1/1980,3/31/2020,0.201011991,40823500,-44.365,-19.962,MG,52.91,0.96,0.8,189.819,1,0.04,0.59,154.722,890.04,14.69,Atlanticforest
651,10/1/1980,12/31/2020,0.469323902,40850000,-44.551,-19.427,MG,69.67,1.16,0.89,137.283,1,0.21,0.95,8859.506,909.71,12.61,Cerrado
652,10/1/1980,3/31/2021,3.907517577,40930000,-45.887,-19.396,MG,900.22,1.32,0.85,111.894,1,0.13,0.72,885.199,974.22,13.23,Cerrado
654,10/1/1980,3/31/2021,0.39210384,41050000,-46.039,-18.707,MG,869.37,1.35,0.91,71.642,3,0.05,-0.17,1202.098,918.22,10.79,Cerrado
655,10/1/1980,7/31/2021,1.260560547,41135000,-44.944,-17.37,MG,869.37,1.35,0.94,161.718,1,0.05,0.22,62480.044,793,9.13,Cerrado
656,10/1/1980,2/28/2021,2.235620893,41199998,-43.826,-20.02,MG,206.13,1.1,0.94,145.177,3,0.08,0.57,1701.934,1110.2,18.64,Atlanticforest
657,10/1/1980,3/31/2021,4.130611141,41260000,-43.816,-19.705,MG,283.03,1.15,0.89,84.896,1,0.18,0.53,3779.599,986.79,16.05,Cerrado
658,10/1/1980,3/31/2021,0.838290968,41380000,-43.905,-19.463,MG,398.26,1.42,0.94,45.746,1,0.22,-0.66,570.768,842.36,12.23,Cerrado
659,10/1/1980,3/31/2021,4.407787994,41410000,-44.025,-19.226,MG,128.28,1.29,0.68,60.151,2,0.44,0.03,7173.076,907.4,13.88,Cerrado
660,10/1/1980,12/31/2019,0.209263393,41440005,-44.153,-19.372,MG,109.12,1.07,0.78,112.806,1,0.51,0,240.687,795.96,8.42,Cerrado
661,10/1/1980,3/31/2021,0.628718226,41685000,-44.285,-18.603,MG,295.56,1.26,0.91,73.923,4,0.21,0.07,531.646,650.5,4.42,Cerrado
662,10/1/1980,3/31/2021,1.805029746,41780002,-44.05,-18.645,MG,382.89,1.39,0.68,50.01,1,0.13,0,4039.227,1033.24,13.91,Cerrado
663,10/1/1980,2/28/2021,2.154325588,41890000,-44.18,-17.997,MG,296.38,1.2,0.49,76.681,1,0.1,-0.72,1437.691,902.5,11.05,Cerrado
665,10/1/1980,10/31/2020,0.409808073,42250000,-47.01,-17.914,MG,1472.92,1.1,0.82,43.017,1,0.05,0.4,463.984,749.38,9.91,Cerrado
670,10/1/1980,4/30/2021,1.8418567,42490000,-46.88,-16.348,MG,308.91,0.92,0.03,41.751,1,0.32,-0.63,5385.224,877.82,5.5,Cerrado
674,10/1/1980,7/31/2020,0.412399478,45170001,-44.523,-14.265,BA,386.68,0.92,0.02,40.507,1,0.24,0.8,5942.788,733.89,3.34,Cerrado
680,10/1/1980,8/31/2021,0.133824021,46455000,-45.123,-12.411,BA,299.01,0.94,0,63.852,1,0.18,0.04,6413.134,796.74,1.22,Cerrado
681,10/1/1980,8/31/2021,5.513549682,46490000,-44.954,-12.406,BA,303.26,1.09,0.01,19.766,1,0.4,-0.97,4488.899,762.86,1.78,Cerrado
683,10/1/1980,8/31/2021,1.097356976,46570000,-45.608,-11.894,BA,331.33,0.93,0.01,53.782,1,0.21,-0.08,2721.092,807.37,0.67,Cerrado
684,10/1/1980,8/31/2021,3.860823018,46590000,-45.12,-11.854,BA,341.06,0.93,0.04,51.949,1,0.13,-0.36,7513.524,755.91,2.19,Cerrado
685,10/1/1980,8/31/2021,1.385078622,46770000,-45.532,-11.008,BA,36.44,1,0.51,152.779,1,0.4,0.71,7081.82,738.07,2.06,Cerrado
688,10/1/1980,6/30/2021,6.463750588,48850000,-38.528,-8.174,PE,74.53,0.95,0.05,154.48,2,0.5,-0.97,10029.445,580.23,6.38,Caatinga
689,10/1/1980,8/31/2021,3.392438943,53790000,-40.067,-15.392,BA,26.34,1.12,-0.06,30.75,1,0.63,-0.3,26647.238,779.52,9.29,Atlanticforest
692,10/1/1980,7/31/2021,0,58846000,-42.135,-22.024,RJ,,,,,,,,1400.872,886.35,28.71,Atlanticforest
694,10/1/1980,7/31/2021,0.214563497,58880001,-41.753,-21.642,RJ,,,,,,,,47380.916,660.5,20.06,Atlanticforest
696,10/1/1980,3/31/2021,0.85181179,60435100,-48.21,-15.7,DF,,,,,,,,19.584,1120.17,4.64,Cerrado
699,10/1/1980,12/31/2020,6.475309482,60478500,-47.898,-15.873,DF,,,,,,,,130.622,1109.77,4.2,Cerrado
700,10/1/1980,3/31/2021,0.709843158,60478600,-47.858,-15.856,DF,,,,,,,,31.63,1122.81,3.54,Cerrado
704,10/1/1980,3/31/2021,0.209572742,61565000,-46.123,-21.788,MG,,,,,,,,355.307,1261.49,11.86,Atlanticforest
706,10/1/1980,4/30/2020,3.548454036,61910000,-47.808,-21.698,SP,,,,,,,,12383.247,791.1,9.68,Cerrado
707,10/1/1980,5/31/2020,1.256212038,61956001,-48.8,-21.078,SP,,,,,,,,624.609,565.84,6.03,Atlanticforest
710,10/1/1980,4/30/2020,8.196721311,62496001,-47.756,-23.399,SP,,,,,,,,1559.233,703.7,9.32,Atlanticforest
711,10/1/1980,7/31/2020,9.004055262,62676000,-46.83,-22.984,SP,,,,,,,,1936.153,920.1,16.22,Atlanticforest
712,10/1/1980,12/31/2019,9.395926339,62772500,-48.276,-21.871,SP,,,,,,,,410.38,695.94,5.93,Cerrado
714,10/1/1980,6/30/2020,4.697616752,64346000,-50.909,-22.532,SP,,,,,,,,647.626,449.03,4.4,Cerrado
715,10/1/1980,12/31/2019,7.847377232,64370000,-50.288,-23.088,PR,,,,,,,,5627.603,639.82,9.91,Atlanticforest
720,10/1/1980,7/31/2020,1.952024194,66006000,-56.814,-14.453,MT,,,,,,,,1608.99,382.78,3.72,Amazon
723,10/1/1980,7/31/2021,5.062357516,75155000,-53.781,-28.287,RS,,,,,,,,2007.057,466.11,6.75,Atlanticforest
725,10/1/1980,7/31/2021,2.353493362,75450000,-54.914,-28.578,RS,,,,,,,,3233.574,272.39,4.92,Pampa
726,10/1/1980,7/31/2021,0.737562022,76100000,-54.343,-29.556,RS,,,,,,,,2792.877,366.75,7.83,Pampa
727,10/1/1980,4/30/2021,4.284172176,76300000,-54.903,-30.279,RS,,,,,,,,6004.77,151.32,3.43,Pampa
728,10/1/1980,7/31/2021,2.132224755,76440000,-54.688,-29.5,RS,,,,,,,,2324.391,346.54,6.44,Atlanticforest
729,10/1/1980,7/31/2021,1.180099236,76460000,-54.737,-29.363,RS,,,,,,,,918.881,325.87,6.49,Atlanticforest
731,10/1/1980,1/31/2020,2.166572876,81683000,-47.838,-24.486,SP,,,,,,,,21026.618,598.23,19.67,Atlanticforest
733,10/1/1980,7/31/2021,1.501944482,87160000,-51.188,-29.337,RS,,,,,,,,2026.303,748.21,15.32,Atlanticforest
734,10/1/1980,8/31/2021,1.472064236,87399000,-50.978,-29.966,RS,,,,,,,,1418.977,47.79,3.6,Pampa
